"datetime","CH4","Plot"
2025-06-27 09:28:00,5.433,"E10"
2025-06-27 09:28:01,5.4377793,"E10"
2025-06-27 09:28:02,5.4415898,"E10"
2025-06-27 09:28:03,5.4462583,"E10"
2025-06-27 09:28:04,5.4502954,"E10"
2025-06-27 09:28:05,5.4551025,"E10"
2025-06-27 09:28:06,5.4590835,"E10"
2025-06-27 09:28:07,5.4635625,"E10"
2025-06-27 09:28:08,5.4681616,"E10"
2025-06-27 09:28:09,5.4722471,"E10"
2025-06-27 09:28:10,5.4767988,"E10"
2025-06-27 09:28:11,5.4811514,"E10"
2025-06-27 09:28:12,5.4860649,"E10"
2025-06-27 09:28:13,5.4901338,"E10"
2025-06-27 09:28:14,5.4947969,"E10"
2025-06-27 09:28:15,5.4989102,"E10"
2025-06-27 09:28:16,5.5039087,"E10"
2025-06-27 09:28:17,5.5088135,"E10"
2025-06-27 09:28:18,5.5121831,"E10"
2025-06-27 09:28:19,5.5165151,"E10"
2025-06-27 09:28:20,5.5203896,"E10"
2025-06-27 09:28:21,5.5265527,"E10"
2025-06-27 09:28:22,5.5302261,"E10"
2025-06-27 09:28:23,5.5345806,"E10"
2025-06-27 09:28:24,5.5383218,"E10"
2025-06-27 09:28:25,5.543021,"E10"
2025-06-27 09:28:26,5.5472344,"E10"
2025-06-27 09:28:27,5.5527056,"E10"
2025-06-27 09:28:28,5.5569375,"E10"
2025-06-27 09:28:29,5.560416,"E10"
2025-06-27 09:28:30,5.5648374,"E10"
2025-06-27 09:28:31,5.5688179,"E10"
2025-06-27 09:28:32,5.5727607,"E10"
2025-06-27 09:28:33,5.5781978,"E10"
2025-06-27 09:28:34,5.5825415,"E10"
2025-06-27 09:28:35,5.5866592,"E10"
2025-06-27 09:28:36,5.5909609,"E10"
2025-06-27 09:28:37,5.5952378,"E10"
2025-06-27 09:28:38,5.5996108,"E10"
2025-06-27 09:28:39,5.604416,"E10"
2025-06-27 09:28:40,5.6080171,"E10"
2025-06-27 09:28:41,5.6129346,"E10"
2025-06-27 09:28:42,5.6171289,"E10"
2025-06-27 09:28:43,5.6209595,"E10"
2025-06-27 09:28:44,5.6257803,"E10"
2025-06-27 09:28:45,5.6293608,"E10"
2025-06-27 09:28:46,5.6338369,"E10"
2025-06-27 09:28:47,5.6382466,"E10"
2025-06-27 09:28:48,5.6431226,"E10"
2025-06-27 09:28:49,5.6470044,"E10"
2025-06-27 09:28:50,5.6512339,"E10"
2025-06-27 09:28:51,5.6555015,"E10"
2025-06-27 09:28:52,5.6604966,"E10"
2025-06-27 09:28:53,5.6650117,"E10"
2025-06-27 09:28:54,5.6692314,"E10"
2025-06-27 09:28:55,5.6735137,"E10"
2025-06-27 09:28:56,5.6776733,"E10"
2025-06-27 09:28:57,5.6823511,"E10"
2025-06-27 09:28:58,5.6863296,"E10"
2025-06-27 09:28:59,5.6911807,"E10"
2025-06-27 09:29:00,5.695271,"E10"
2025-06-27 09:29:01,5.6993301,"E10"
2025-06-27 09:29:02,5.7037842,"E10"
2025-06-27 09:29:03,5.7086064,"E10"
2025-06-27 09:29:04,5.7129424,"E10"
2025-06-27 09:29:05,5.7170898,"E10"
2025-06-27 09:29:06,5.7213306,"E10"
2025-06-27 09:29:07,5.7248076,"E10"
2025-06-27 09:29:08,5.7299556,"E10"
2025-06-27 09:29:09,5.7337007,"E10"
2025-06-27 09:29:10,5.7380449,"E10"
2025-06-27 09:29:11,5.7429136,"E10"
2025-06-27 09:29:12,5.7474443,"E10"
2025-06-27 09:29:13,5.7512153,"E10"
2025-06-27 09:29:14,5.7557026,"E10"
2025-06-27 09:29:15,5.7605107,"E10"
2025-06-27 09:29:16,5.7645034,"E10"
2025-06-27 09:29:17,5.7697329,"E10"
2025-06-27 09:29:18,5.7727485,"E10"
2025-06-27 09:29:19,5.7775664,"E10"
2025-06-27 09:29:20,5.7815059,"E10"
2025-06-27 09:29:21,5.7855405,"E10"
2025-06-27 09:29:22,5.7899482,"E10"
2025-06-27 09:29:23,5.7940903,"E10"
2025-06-27 09:29:24,5.7982656,"E10"
2025-06-27 09:29:25,5.8025298,"E10"
2025-06-27 09:29:26,5.8069497,"E10"
2025-06-27 09:29:27,5.8114014,"E10"
2025-06-27 09:29:28,5.8161489,"E10"
2025-06-27 09:29:29,5.8207539,"E10"
2025-06-27 09:29:30,5.8249043,"E10"
2025-06-27 09:29:31,5.8302085,"E10"
2025-06-27 09:29:32,5.8324556,"E10"
2025-06-27 09:29:33,5.8368589,"E10"
2025-06-27 09:29:34,5.8420522,"E10"
2025-06-27 09:29:35,5.8465415,"E10"
2025-06-27 09:29:36,5.8505464,"E10"
2025-06-27 09:29:37,5.8547959,"E10"
2025-06-27 09:29:38,5.8589087,"E10"
2025-06-27 09:29:39,5.8632358,"E10"
2025-06-27 09:29:40,5.8677158,"E10"
2025-06-27 09:29:41,5.8719429,"E10"
2025-06-27 09:29:42,5.8760308,"E10"
2025-06-27 09:29:43,5.880542,"E10"
2025-06-27 09:29:44,5.8851025,"E10"
2025-06-27 09:29:45,5.8902925,"E10"
2025-06-27 09:29:46,5.8938442,"E10"
2025-06-27 09:29:47,5.8975845,"E10"
2025-06-27 09:29:48,5.9024683,"E10"
2025-06-27 09:29:49,5.9071802,"E10"
2025-06-27 09:29:50,5.910374,"E10"
2025-06-27 09:29:51,5.9146528,"E10"
2025-06-27 09:29:52,5.9183042,"E10"
2025-06-27 09:29:53,5.9233306,"E10"
2025-06-27 09:29:54,5.927709,"E10"
2025-06-27 09:29:55,5.9317075,"E10"
2025-06-27 09:29:56,5.9357104,"E10"
2025-06-27 09:29:57,5.9400352,"E10"
2025-06-27 09:29:58,5.9444971,"E10"
2025-06-27 09:29:59,5.9486401,"E10"
2025-06-27 09:30:00,5.9529404,"E10"
2025-06-27 09:33:00,3.7217571,"D50"
2025-06-27 09:33:01,3.7269827,"D50"
2025-06-27 09:33:02,3.7328601,"D50"
2025-06-27 09:33:03,3.7381436,"D50"
2025-06-27 09:33:04,3.7433057,"D50"
2025-06-27 09:33:05,3.7486079,"D50"
2025-06-27 09:33:06,3.7538486,"D50"
2025-06-27 09:33:07,3.7592783,"D50"
2025-06-27 09:33:08,3.7645796,"D50"
2025-06-27 09:33:09,3.7701487,"D50"
2025-06-27 09:33:10,3.7755381,"D50"
2025-06-27 09:33:11,3.7810664,"D50"
2025-06-27 09:33:12,3.786323,"D50"
2025-06-27 09:33:13,3.7913376,"D50"
2025-06-27 09:33:14,3.7972642,"D50"
2025-06-27 09:33:15,3.8026404,"D50"
2025-06-27 09:33:16,3.8076096,"D50"
2025-06-27 09:33:17,3.8141604,"D50"
2025-06-27 09:33:18,3.8192676,"D50"
2025-06-27 09:33:19,3.8243591,"D50"
2025-06-27 09:33:20,3.8295393,"D50"
2025-06-27 09:33:21,3.83523,"D50"
2025-06-27 09:33:22,3.84072,"D50"
2025-06-27 09:33:23,3.8465955,"D50"
2025-06-27 09:33:24,3.8518264,"D50"
2025-06-27 09:33:25,3.8572136,"D50"
2025-06-27 09:33:26,3.8621023,"D50"
2025-06-27 09:33:27,3.8674722,"D50"
2025-06-27 09:33:28,3.8731973,"D50"
2025-06-27 09:33:29,3.8788889,"D50"
2025-06-27 09:33:30,3.8836987,"D50"
2025-06-27 09:33:31,3.8895757,"D50"
2025-06-27 09:33:32,3.8943933,"D50"
2025-06-27 09:33:33,3.8999192,"D50"
2025-06-27 09:33:34,3.90527,"D50"
2025-06-27 09:33:35,3.9106533,"D50"
2025-06-27 09:33:36,3.9160352,"D50"
2025-06-27 09:33:37,3.9212891,"D50"
2025-06-27 09:33:38,3.9260825,"D50"
2025-06-27 09:33:39,3.9320969,"D50"
2025-06-27 09:33:40,3.9371516,"D50"
2025-06-27 09:33:41,3.9430134,"D50"
2025-06-27 09:33:42,3.9488347,"D50"
2025-06-27 09:33:43,3.9542888,"D50"
2025-06-27 09:33:44,3.9593374,"D50"
2025-06-27 09:33:45,3.9644116,"D50"
2025-06-27 09:33:46,3.9696643,"D50"
2025-06-27 09:33:47,3.9753936,"D50"
2025-06-27 09:33:48,3.9805603,"D50"
2025-06-27 09:33:49,3.9858899,"D50"
2025-06-27 09:33:50,3.991365,"D50"
2025-06-27 09:33:51,3.9963933,"D50"
2025-06-27 09:33:52,4.0016067,"D50"
2025-06-27 09:33:53,4.0069648,"D50"
2025-06-27 09:33:54,4.0129187,"D50"
2025-06-27 09:33:55,4.0181694,"D50"
2025-06-27 09:33:56,4.0231028,"D50"
2025-06-27 09:33:57,4.0280791,"D50"
2025-06-27 09:33:58,4.0337998,"D50"
2025-06-27 09:33:59,4.0395,"D50"
2025-06-27 09:34:00,4.0445752,"D50"
2025-06-27 09:34:01,4.0497454,"D50"
2025-06-27 09:34:02,4.05498,"D50"
2025-06-27 09:34:03,4.0602244,"D50"
2025-06-27 09:34:04,4.0657581,"D50"
2025-06-27 09:34:05,4.0712395,"D50"
2025-06-27 09:34:06,4.0767771,"D50"
2025-06-27 09:34:07,4.0817917,"D50"
2025-06-27 09:34:08,4.0878262,"D50"
2025-06-27 09:34:09,4.0929697,"D50"
2025-06-27 09:34:10,4.0977207,"D50"
2025-06-27 09:34:11,4.1033491,"D50"
2025-06-27 09:34:12,4.1090957,"D50"
2025-06-27 09:34:13,4.1145884,"D50"
2025-06-27 09:34:14,4.1195659,"D50"
2025-06-27 09:34:15,4.1255493,"D50"
2025-06-27 09:34:16,4.130585,"D50"
2025-06-27 09:34:17,4.1356382,"D50"
2025-06-27 09:34:18,4.1411694,"D50"
2025-06-27 09:34:19,4.1460439,"D50"
2025-06-27 09:34:20,4.1519854,"D50"
2025-06-27 09:34:21,4.1565942,"D50"
2025-06-27 09:34:22,4.1625981,"D50"
2025-06-27 09:34:23,4.1676689,"D50"
2025-06-27 09:34:24,4.1722988,"D50"
2025-06-27 09:34:25,4.177855,"D50"
2025-06-27 09:34:26,4.1834233,"D50"
2025-06-27 09:34:27,4.1889106,"D50"
2025-06-27 09:34:28,4.1938403,"D50"
2025-06-27 09:34:29,4.1993594,"D50"
2025-06-27 09:34:30,4.2049902,"D50"
2025-06-27 09:34:31,4.2109678,"D50"
2025-06-27 09:34:32,4.216064,"D50"
2025-06-27 09:34:33,4.2209673,"D50"
2025-06-27 09:34:34,4.2263853,"D50"
2025-06-27 09:34:35,4.2322402,"D50"
2025-06-27 09:34:36,4.2369746,"D50"
2025-06-27 09:34:37,4.2415723,"D50"
2025-06-27 09:34:38,4.2477139,"D50"
2025-06-27 09:34:39,4.2529038,"D50"
2025-06-27 09:34:40,4.2582256,"D50"
2025-06-27 09:34:41,4.2631675,"D50"
2025-06-27 09:34:42,4.2689043,"D50"
2025-06-27 09:34:43,4.2736128,"D50"
2025-06-27 09:34:44,4.2795957,"D50"
2025-06-27 09:34:45,4.2848877,"D50"
2025-06-27 09:34:46,4.2897241,"D50"
2025-06-27 09:34:47,4.2949565,"D50"
2025-06-27 09:34:48,4.3002427,"D50"
2025-06-27 09:34:49,4.3053457,"D50"
2025-06-27 09:34:50,4.3107705,"D50"
2025-06-27 09:34:51,4.3159463,"D50"
2025-06-27 09:34:52,4.3215293,"D50"
2025-06-27 09:34:53,4.3267681,"D50"
2025-06-27 09:34:54,4.3322114,"D50"
2025-06-27 09:34:55,4.3372773,"D50"
2025-06-27 09:34:56,4.3424199,"D50"
2025-06-27 09:34:57,4.347499,"D50"
2025-06-27 09:34:58,4.3529131,"D50"
2025-06-27 09:34:59,4.3580093,"D50"
2025-06-27 09:35:00,4.3636392,"D50"
2025-06-27 09:38:00,7.1006128,"C50"
2025-06-27 09:38:01,7.1097378,"C50"
2025-06-27 09:38:02,7.1196255,"C50"
2025-06-27 09:38:03,7.1293457,"C50"
2025-06-27 09:38:04,7.1391431,"C50"
2025-06-27 09:38:05,7.148606,"C50"
2025-06-27 09:38:06,7.1586611,"C50"
2025-06-27 09:38:07,7.1686963,"C50"
2025-06-27 09:38:08,7.1781421,"C50"
2025-06-27 09:38:09,7.186874,"C50"
2025-06-27 09:38:10,7.1962192,"C50"
2025-06-27 09:38:11,7.2062812,"C50"
2025-06-27 09:38:12,7.216373,"C50"
2025-06-27 09:38:13,7.2251387,"C50"
2025-06-27 09:38:14,7.2348271,"C50"
2025-06-27 09:38:15,7.2440767,"C50"
2025-06-27 09:38:16,7.2534756,"C50"
2025-06-27 09:38:17,7.2634712,"C50"
2025-06-27 09:38:18,7.2738013,"C50"
2025-06-27 09:38:19,7.2831504,"C50"
2025-06-27 09:38:20,7.2926826,"C50"
2025-06-27 09:38:21,7.3020928,"C50"
2025-06-27 09:38:22,7.311478,"C50"
2025-06-27 09:38:23,7.3211787,"C50"
2025-06-27 09:38:24,7.3301782,"C50"
2025-06-27 09:38:25,7.3398999,"C50"
2025-06-27 09:38:26,7.3482305,"C50"
2025-06-27 09:38:27,7.358499,"C50"
2025-06-27 09:38:28,7.3686436,"C50"
2025-06-27 09:38:29,7.3777246,"C50"
2025-06-27 09:38:30,7.3863701,"C50"
2025-06-27 09:38:31,7.395541,"C50"
2025-06-27 09:38:32,7.4054888,"C50"
2025-06-27 09:38:33,7.4158496,"C50"
2025-06-27 09:38:34,7.424917,"C50"
2025-06-27 09:38:35,7.4335605,"C50"
2025-06-27 09:38:36,7.4432324,"C50"
2025-06-27 09:38:37,7.4525049,"C50"
2025-06-27 09:38:38,7.4619668,"C50"
2025-06-27 09:38:39,7.4716318,"C50"
2025-06-27 09:38:40,7.4810723,"C50"
2025-06-27 09:38:41,7.4907515,"C50"
2025-06-27 09:38:42,7.5008247,"C50"
2025-06-27 09:38:43,7.5098477,"C50"
2025-06-27 09:38:44,7.518458,"C50"
2025-06-27 09:38:45,7.5292837,"C50"
2025-06-27 09:38:46,7.539082,"C50"
2025-06-27 09:38:47,7.5487612,"C50"
2025-06-27 09:38:48,7.5582646,"C50"
2025-06-27 09:38:49,7.5670967,"C50"
2025-06-27 09:38:50,7.5772949,"C50"
2025-06-27 09:38:51,7.5861431,"C50"
2025-06-27 09:38:52,7.5951982,"C50"
2025-06-27 09:38:53,7.6055239,"C50"
2025-06-27 09:38:54,7.6149897,"C50"
2025-06-27 09:38:55,7.6238467,"C50"
2025-06-27 09:38:56,7.6329702,"C50"
2025-06-27 09:38:57,7.6420688,"C50"
2025-06-27 09:38:58,7.6522773,"C50"
2025-06-27 09:38:59,7.6612656,"C50"
2025-06-27 09:39:00,7.6705625,"C50"
2025-06-27 09:39:01,7.6798027,"C50"
2025-06-27 09:39:02,7.6896362,"C50"
2025-06-27 09:39:03,7.699417,"C50"
2025-06-27 09:39:04,7.7078813,"C50"
2025-06-27 09:39:05,7.7174326,"C50"
2025-06-27 09:39:06,7.7269741,"C50"
2025-06-27 09:39:07,7.7363867,"C50"
2025-06-27 09:39:08,7.7459136,"C50"
2025-06-27 09:39:09,7.7551372,"C50"
2025-06-27 09:39:10,7.7647656,"C50"
2025-06-27 09:39:11,7.7735059,"C50"
2025-06-27 09:39:12,7.7834004,"C50"
2025-06-27 09:39:13,7.7923999,"C50"
2025-06-27 09:39:14,7.8012407,"C50"
2025-06-27 09:39:15,7.8112896,"C50"
2025-06-27 09:39:16,7.8201846,"C50"
2025-06-27 09:39:17,7.8297295,"C50"
2025-06-27 09:39:18,7.8400405,"C50"
2025-06-27 09:39:19,7.8487661,"C50"
2025-06-27 09:39:20,7.8585488,"C50"
2025-06-27 09:39:21,7.8664224,"C50"
2025-06-27 09:39:22,7.8769868,"C50"
2025-06-27 09:39:23,7.8852876,"C50"
2025-06-27 09:39:24,7.8949409,"C50"
2025-06-27 09:39:25,7.904082,"C50"
2025-06-27 09:39:26,7.9142905,"C50"
2025-06-27 09:39:27,7.9240039,"C50"
2025-06-27 09:39:28,7.9322471,"C50"
2025-06-27 09:39:29,7.9423149,"C50"
2025-06-27 09:39:30,7.9523281,"C50"
2025-06-27 09:39:31,7.960877,"C50"
2025-06-27 09:39:32,7.9698413,"C50"
2025-06-27 09:39:33,7.9782886,"C50"
2025-06-27 09:39:34,7.9879395,"C50"
2025-06-27 09:39:35,7.9982993,"C50"
2025-06-27 09:39:36,8.0071953,"C50"
2025-06-27 09:39:37,8.0173638,"C50"
2025-06-27 09:39:38,8.0263843,"C50"
2025-06-27 09:39:39,8.0356875,"C50"
2025-06-27 09:39:40,8.04396,"C50"
2025-06-27 09:39:41,8.0537129,"C50"
2025-06-27 09:39:42,8.063249,"C50"
2025-06-27 09:39:43,8.0732539,"C50"
2025-06-27 09:39:44,8.0820493,"C50"
2025-06-27 09:39:45,8.0913169,"C50"
2025-06-27 09:39:46,8.1011558,"C50"
2025-06-27 09:39:47,8.1093882,"C50"
2025-06-27 09:39:48,8.118999,"C50"
2025-06-27 09:39:49,8.1282998,"C50"
2025-06-27 09:39:50,8.1377104,"C50"
2025-06-27 09:39:51,8.1465088,"C50"
2025-06-27 09:39:52,8.1560508,"C50"
2025-06-27 09:39:53,8.1656929,"C50"
2025-06-27 09:39:54,8.1751338,"C50"
2025-06-27 09:39:55,8.18429,"C50"
2025-06-27 09:39:56,8.1933594,"C50"
2025-06-27 09:39:57,8.2023682,"C50"
2025-06-27 09:39:58,8.2105449,"C50"
2025-06-27 09:39:59,8.2206406,"C50"
2025-06-27 09:40:00,8.2300576,"C50"
2025-06-27 09:43:00,4.5777822,"B10"
2025-06-27 09:43:01,4.580707,"B10"
2025-06-27 09:43:02,4.583229,"B10"
2025-06-27 09:43:03,4.5863027,"B10"
2025-06-27 09:43:04,4.588814,"B10"
2025-06-27 09:43:05,4.5922505,"B10"
2025-06-27 09:43:06,4.5950303,"B10"
2025-06-27 09:43:07,4.5979497,"B10"
2025-06-27 09:43:08,4.6003779,"B10"
2025-06-27 09:43:09,4.6037949,"B10"
2025-06-27 09:43:10,4.6065259,"B10"
2025-06-27 09:43:11,4.6091245,"B10"
2025-06-27 09:43:12,4.6119258,"B10"
2025-06-27 09:43:13,4.6146143,"B10"
2025-06-27 09:43:14,4.617875,"B10"
2025-06-27 09:43:15,4.6203525,"B10"
2025-06-27 09:43:16,4.6229863,"B10"
2025-06-27 09:43:17,4.6263389,"B10"
2025-06-27 09:43:18,4.6293677,"B10"
2025-06-27 09:43:19,4.6320903,"B10"
2025-06-27 09:43:20,4.6352109,"B10"
2025-06-27 09:43:21,4.6382788,"B10"
2025-06-27 09:43:22,4.6412412,"B10"
2025-06-27 09:43:23,4.6436294,"B10"
2025-06-27 09:43:24,4.6465708,"B10"
2025-06-27 09:43:25,4.6490151,"B10"
2025-06-27 09:43:26,4.6513047,"B10"
2025-06-27 09:43:27,4.6548047,"B10"
2025-06-27 09:43:28,4.657478,"B10"
2025-06-27 09:43:29,4.6609668,"B10"
2025-06-27 09:43:30,4.6635068,"B10"
2025-06-27 09:43:31,4.6656597,"B10"
2025-06-27 09:43:32,4.6681665,"B10"
2025-06-27 09:43:33,4.6715781,"B10"
2025-06-27 09:43:34,4.6743662,"B10"
2025-06-27 09:43:35,4.6768892,"B10"
2025-06-27 09:43:36,4.6799678,"B10"
2025-06-27 09:43:37,4.6828672,"B10"
2025-06-27 09:43:38,4.6857798,"B10"
2025-06-27 09:43:39,4.6882822,"B10"
2025-06-27 09:43:40,4.6908428,"B10"
2025-06-27 09:43:41,4.6941616,"B10"
2025-06-27 09:43:42,4.6967744,"B10"
2025-06-27 09:43:43,4.6991216,"B10"
2025-06-27 09:43:44,4.7018613,"B10"
2025-06-27 09:43:45,4.7046777,"B10"
2025-06-27 09:43:46,4.7071021,"B10"
2025-06-27 09:43:47,4.7097944,"B10"
2025-06-27 09:43:48,4.7132178,"B10"
2025-06-27 09:43:49,4.7161685,"B10"
2025-06-27 09:43:50,4.7185933,"B10"
2025-06-27 09:43:51,4.721665,"B10"
2025-06-27 09:43:52,4.7243438,"B10"
2025-06-27 09:43:53,4.7273965,"B10"
2025-06-27 09:43:54,4.7305156,"B10"
2025-06-27 09:43:55,4.732249,"B10"
2025-06-27 09:43:56,4.7355386,"B10"
2025-06-27 09:43:57,4.7382632,"B10"
2025-06-27 09:43:58,4.7405952,"B10"
2025-06-27 09:43:59,4.7437993,"B10"
2025-06-27 09:44:00,4.7465376,"B10"
2025-06-27 09:44:01,4.7493862,"B10"
2025-06-27 09:44:02,4.7518682,"B10"
2025-06-27 09:44:03,4.7545918,"B10"
2025-06-27 09:44:04,4.7571445,"B10"
2025-06-27 09:44:05,4.7600322,"B10"
2025-06-27 09:44:06,4.7623701,"B10"
2025-06-27 09:44:07,4.7656099,"B10"
2025-06-27 09:44:08,4.7683618,"B10"
2025-06-27 09:44:09,4.7708999,"B10"
2025-06-27 09:44:10,4.7738496,"B10"
2025-06-27 09:44:11,4.7765747,"B10"
2025-06-27 09:44:12,4.7794858,"B10"
2025-06-27 09:44:13,4.7816211,"B10"
2025-06-27 09:44:14,4.7842837,"B10"
2025-06-27 09:44:15,4.7869263,"B10"
2025-06-27 09:44:16,4.7893779,"B10"
2025-06-27 09:44:17,4.7924683,"B10"
2025-06-27 09:44:18,4.794957,"B10"
2025-06-27 09:44:19,4.7979932,"B10"
2025-06-27 09:44:20,4.8003691,"B10"
2025-06-27 09:44:21,4.8032832,"B10"
2025-06-27 09:44:22,4.8062285,"B10"
2025-06-27 09:44:23,4.8088511,"B10"
2025-06-27 09:44:24,4.8115752,"B10"
2025-06-27 09:44:25,4.8142651,"B10"
2025-06-27 09:44:26,4.8170215,"B10"
2025-06-27 09:44:27,4.8199556,"B10"
2025-06-27 09:44:28,4.8228223,"B10"
2025-06-27 09:44:29,4.8253438,"B10"
2025-06-27 09:44:30,4.8284448,"B10"
2025-06-27 09:44:31,4.8307896,"B10"
2025-06-27 09:44:32,4.8332891,"B10"
2025-06-27 09:44:33,4.8366641,"B10"
2025-06-27 09:44:34,4.8390254,"B10"
2025-06-27 09:44:35,4.841936,"B10"
2025-06-27 09:44:36,4.8440986,"B10"
2025-06-27 09:44:37,4.8467456,"B10"
2025-06-27 09:44:38,4.8498701,"B10"
2025-06-27 09:44:39,4.8526191,"B10"
2025-06-27 09:44:40,4.8553779,"B10"
2025-06-27 09:44:41,4.858334,"B10"
2025-06-27 09:44:42,4.8608677,"B10"
2025-06-27 09:44:43,4.8633774,"B10"
2025-06-27 09:44:44,4.8664033,"B10"
2025-06-27 09:44:45,4.8688901,"B10"
2025-06-27 09:44:46,4.8710708,"B10"
2025-06-27 09:44:47,4.8744878,"B10"
2025-06-27 09:44:48,4.8771221,"B10"
2025-06-27 09:44:49,4.8794297,"B10"
2025-06-27 09:44:50,4.8826416,"B10"
2025-06-27 09:44:51,4.8848223,"B10"
2025-06-27 09:44:52,4.8870967,"B10"
2025-06-27 09:44:53,4.8903198,"B10"
2025-06-27 09:44:54,4.8926553,"B10"
2025-06-27 09:44:55,4.895835,"B10"
2025-06-27 09:44:56,4.8983413,"B10"
2025-06-27 09:44:57,4.9007568,"B10"
2025-06-27 09:44:58,4.9039702,"B10"
2025-06-27 09:44:59,4.9063032,"B10"
2025-06-27 09:45:00,4.908793,"B10"
2025-06-27 09:48:00,5.3024336,"A50"
2025-06-27 09:48:01,5.3143325,"A50"
2025-06-27 09:48:02,5.3249756,"A50"
2025-06-27 09:48:03,5.3371992,"A50"
2025-06-27 09:48:04,5.3488564,"A50"
2025-06-27 09:48:05,5.3603535,"A50"
2025-06-27 09:48:06,5.3725293,"A50"
2025-06-27 09:48:07,5.3834927,"A50"
2025-06-27 09:48:08,5.3954858,"A50"
2025-06-27 09:48:09,5.4066289,"A50"
2025-06-27 09:48:10,5.418291,"A50"
2025-06-27 09:48:11,5.4305273,"A50"
2025-06-27 09:48:12,5.441584,"A50"
2025-06-27 09:48:13,5.4526426,"A50"
2025-06-27 09:48:14,5.4645825,"A50"
2025-06-27 09:48:15,5.4762002,"A50"
2025-06-27 09:48:16,5.4890952,"A50"
2025-06-27 09:48:17,5.5000713,"A50"
2025-06-27 09:48:18,5.5116753,"A50"
2025-06-27 09:48:19,5.5224766,"A50"
2025-06-27 09:48:20,5.5356338,"A50"
2025-06-27 09:48:21,5.5501699,"A50"
2025-06-27 09:48:22,5.5679946,"A50"
2025-06-27 09:48:23,5.5786846,"A50"
2025-06-27 09:48:24,5.5874639,"A50"
2025-06-27 09:48:25,5.5923052,"A50"
2025-06-27 09:48:26,5.6032383,"A50"
2025-06-27 09:48:27,5.6155317,"A50"
2025-06-27 09:48:28,5.6267969,"A50"
2025-06-27 09:48:29,5.6381455,"A50"
2025-06-27 09:48:30,5.649688,"A50"
2025-06-27 09:48:31,5.6613667,"A50"
2025-06-27 09:48:32,5.6722017,"A50"
2025-06-27 09:48:33,5.6832256,"A50"
2025-06-27 09:48:34,5.69521,"A50"
2025-06-27 09:48:35,5.7070649,"A50"
2025-06-27 09:48:36,5.7185518,"A50"
2025-06-27 09:48:37,5.7290303,"A50"
2025-06-27 09:48:38,5.7409619,"A50"
2025-06-27 09:48:39,5.7514893,"A50"
2025-06-27 09:48:40,5.7635576,"A50"
2025-06-27 09:48:41,5.7749229,"A50"
2025-06-27 09:48:42,5.7869316,"A50"
2025-06-27 09:48:43,5.7978647,"A50"
2025-06-27 09:48:44,5.8097988,"A50"
2025-06-27 09:48:45,5.819646,"A50"
2025-06-27 09:48:46,5.8308091,"A50"
2025-06-27 09:48:47,5.8427246,"A50"
2025-06-27 09:48:48,5.8548042,"A50"
2025-06-27 09:48:49,5.8660757,"A50"
2025-06-27 09:48:50,5.8782061,"A50"
2025-06-27 09:48:51,5.8894771,"A50"
2025-06-27 09:48:52,5.8991948,"A50"
2025-06-27 09:48:53,5.9104336,"A50"
2025-06-27 09:48:54,5.9216514,"A50"
2025-06-27 09:48:55,5.9340225,"A50"
2025-06-27 09:48:56,5.9454497,"A50"
2025-06-27 09:48:57,5.9569434,"A50"
2025-06-27 09:48:58,5.968354,"A50"
2025-06-27 09:48:59,5.9798086,"A50"
2025-06-27 09:49:00,5.9911411,"A50"
2025-06-27 09:49:01,6.0025171,"A50"
2025-06-27 09:49:02,6.0138115,"A50"
2025-06-27 09:49:03,6.0252632,"A50"
2025-06-27 09:49:04,6.0367998,"A50"
2025-06-27 09:49:05,6.0480361,"A50"
2025-06-27 09:49:06,6.0591772,"A50"
2025-06-27 09:49:07,6.0703843,"A50"
2025-06-27 09:49:08,6.0818159,"A50"
2025-06-27 09:49:09,6.092625,"A50"
2025-06-27 09:49:10,6.1037666,"A50"
2025-06-27 09:49:11,6.1154746,"A50"
2025-06-27 09:49:12,6.1270747,"A50"
2025-06-27 09:49:13,6.1383359,"A50"
2025-06-27 09:49:14,6.1492642,"A50"
2025-06-27 09:49:15,6.1607437,"A50"
2025-06-27 09:49:16,6.1716074,"A50"
2025-06-27 09:49:17,6.1829707,"A50"
2025-06-27 09:49:18,6.1942461,"A50"
2025-06-27 09:49:19,6.2060903,"A50"
2025-06-27 09:49:20,6.217124,"A50"
2025-06-27 09:49:21,6.2286577,"A50"
2025-06-27 09:49:22,6.2388472,"A50"
2025-06-27 09:49:23,6.2503965,"A50"
2025-06-27 09:49:24,6.2610459,"A50"
2025-06-27 09:49:25,6.2721465,"A50"
2025-06-27 09:49:26,6.2842061,"A50"
2025-06-27 09:49:27,6.2958179,"A50"
2025-06-27 09:49:28,6.3069609,"A50"
2025-06-27 09:49:29,6.3189097,"A50"
2025-06-27 09:49:30,6.3295845,"A50"
2025-06-27 09:49:31,6.3403726,"A50"
2025-06-27 09:49:32,6.3518081,"A50"
2025-06-27 09:49:33,6.3625225,"A50"
2025-06-27 09:49:34,6.3731421,"A50"
2025-06-27 09:49:35,6.3847876,"A50"
2025-06-27 09:49:36,6.3967812,"A50"
2025-06-27 09:49:37,6.4073936,"A50"
2025-06-27 09:49:38,6.4188838,"A50"
2025-06-27 09:49:39,6.4296006,"A50"
2025-06-27 09:49:40,6.4409971,"A50"
2025-06-27 09:49:41,6.4528047,"A50"
2025-06-27 09:49:42,6.4640508,"A50"
2025-06-27 09:49:43,6.474958,"A50"
2025-06-27 09:49:44,6.4867305,"A50"
2025-06-27 09:49:45,6.498582,"A50"
2025-06-27 09:49:46,6.5089526,"A50"
2025-06-27 09:49:47,6.5204785,"A50"
2025-06-27 09:49:48,6.5311631,"A50"
2025-06-27 09:49:49,6.5417588,"A50"
2025-06-27 09:49:50,6.5540845,"A50"
2025-06-27 09:49:51,6.564959,"A50"
2025-06-27 09:49:52,6.575793,"A50"
2025-06-27 09:49:53,6.5864092,"A50"
2025-06-27 09:49:54,6.5986694,"A50"
2025-06-27 09:49:55,6.6104614,"A50"
2025-06-27 09:49:56,6.6208081,"A50"
2025-06-27 09:49:57,6.6318198,"A50"
2025-06-27 09:49:58,6.6432217,"A50"
2025-06-27 09:49:59,6.6533701,"A50"
2025-06-27 09:50:00,6.665417,"A50"
2025-06-27 09:53:00,3.8615862,"A0"
2025-06-27 09:53:01,3.865679,"A0"
2025-06-27 09:53:02,3.8702837,"A0"
2025-06-27 09:53:03,3.873929,"A0"
2025-06-27 09:53:04,3.8786621,"A0"
2025-06-27 09:53:05,3.8819783,"A0"
2025-06-27 09:53:06,3.885895,"A0"
2025-06-27 09:53:07,3.8898701,"A0"
2025-06-27 09:53:08,3.8941416,"A0"
2025-06-27 09:53:09,3.8980046,"A0"
2025-06-27 09:53:10,3.9023931,"A0"
2025-06-27 09:53:11,3.9063545,"A0"
2025-06-27 09:53:12,3.910677,"A0"
2025-06-27 09:53:13,3.9150686,"A0"
2025-06-27 09:53:14,3.9187808,"A0"
2025-06-27 09:53:15,3.9221587,"A0"
2025-06-27 09:53:16,3.926573,"A0"
2025-06-27 09:53:17,3.9309341,"A0"
2025-06-27 09:53:18,3.9353479,"A0"
2025-06-27 09:53:19,3.9384302,"A0"
2025-06-27 09:53:20,3.9422673,"A0"
2025-06-27 09:53:21,3.9465171,"A0"
2025-06-27 09:53:22,3.9500818,"A0"
2025-06-27 09:53:23,3.9546206,"A0"
2025-06-27 09:53:24,3.958272,"A0"
2025-06-27 09:53:25,3.9628164,"A0"
2025-06-27 09:53:26,3.9669946,"A0"
2025-06-27 09:53:27,3.9710806,"A0"
2025-06-27 09:53:28,3.9746389,"A0"
2025-06-27 09:53:29,3.9787842,"A0"
2025-06-27 09:53:30,3.9830991,"A0"
2025-06-27 09:53:31,3.9868655,"A0"
2025-06-27 09:53:32,3.9905603,"A0"
2025-06-27 09:53:33,3.9950225,"A0"
2025-06-27 09:53:34,3.9989609,"A0"
2025-06-27 09:53:35,4.0028103,"A0"
2025-06-27 09:53:36,4.0069658,"A0"
2025-06-27 09:53:37,4.0112166,"A0"
2025-06-27 09:53:38,4.0159045,"A0"
2025-06-27 09:53:39,4.0191555,"A0"
2025-06-27 09:53:40,4.0237686,"A0"
2025-06-27 09:53:41,4.0275491,"A0"
2025-06-27 09:53:42,4.0315754,"A0"
2025-06-27 09:53:43,4.0354658,"A0"
2025-06-27 09:53:44,4.0394111,"A0"
2025-06-27 09:53:45,4.0440403,"A0"
2025-06-27 09:53:46,4.0501201,"A0"
2025-06-27 09:53:47,4.0548091,"A0"
2025-06-27 09:53:48,4.0591921,"A0"
2025-06-27 09:53:49,4.062865,"A0"
2025-06-27 09:53:50,4.0674358,"A0"
2025-06-27 09:53:51,4.0714231,"A0"
2025-06-27 09:53:52,4.0756648,"A0"
2025-06-27 09:53:53,4.0792317,"A0"
2025-06-27 09:53:54,4.0833359,"A0"
2025-06-27 09:53:55,4.0876118,"A0"
2025-06-27 09:53:56,4.0913889,"A0"
2025-06-27 09:53:57,4.0948967,"A0"
2025-06-27 09:53:58,4.0993843,"A0"
2025-06-27 09:53:59,4.1034067,"A0"
2025-06-27 09:54:00,4.1075547,"A0"
2025-06-27 09:54:01,4.1114585,"A0"
2025-06-27 09:54:02,4.1154126,"A0"
2025-06-27 09:54:03,4.1196787,"A0"
2025-06-27 09:54:04,4.1237964,"A0"
2025-06-27 09:54:05,4.1272153,"A0"
2025-06-27 09:54:06,4.1309141,"A0"
2025-06-27 09:54:07,4.1353496,"A0"
2025-06-27 09:54:08,4.1395781,"A0"
2025-06-27 09:54:09,4.1428071,"A0"
2025-06-27 09:54:10,4.148019,"A0"
2025-06-27 09:54:11,4.1518877,"A0"
2025-06-27 09:54:12,4.1552017,"A0"
2025-06-27 09:54:13,4.1589937,"A0"
2025-06-27 09:54:14,4.1629834,"A0"
2025-06-27 09:54:15,4.1672368,"A0"
2025-06-27 09:54:16,4.1710674,"A0"
2025-06-27 09:54:17,4.1752007,"A0"
2025-06-27 09:54:18,4.1791362,"A0"
2025-06-27 09:54:19,4.1828813,"A0"
2025-06-27 09:54:20,4.1863813,"A0"
2025-06-27 09:54:21,4.1907905,"A0"
2025-06-27 09:54:22,4.1947432,"A0"
2025-06-27 09:54:23,4.1989307,"A0"
2025-06-27 09:54:24,4.202729,"A0"
2025-06-27 09:54:25,4.2070962,"A0"
2025-06-27 09:54:26,4.2110396,"A0"
2025-06-27 09:54:27,4.2152866,"A0"
2025-06-27 09:54:28,4.2196626,"A0"
2025-06-27 09:54:29,4.2244365,"A0"
2025-06-27 09:54:30,4.2278828,"A0"
2025-06-27 09:54:31,4.2319204,"A0"
2025-06-27 09:54:32,4.235106,"A0"
2025-06-27 09:54:33,4.2390078,"A0"
2025-06-27 09:54:34,4.2434746,"A0"
2025-06-27 09:54:35,4.2477144,"A0"
2025-06-27 09:54:36,4.2514243,"A0"
2025-06-27 09:54:37,4.2553535,"A0"
2025-06-27 09:54:38,4.259749,"A0"
2025-06-27 09:54:39,4.2640264,"A0"
2025-06-27 09:54:40,4.2681982,"A0"
2025-06-27 09:54:41,4.2712397,"A0"
2025-06-27 09:54:42,4.2755669,"A0"
2025-06-27 09:54:43,4.2797886,"A0"
2025-06-27 09:54:44,4.2834971,"A0"
2025-06-27 09:54:45,4.2879023,"A0"
2025-06-27 09:54:46,4.2917671,"A0"
2025-06-27 09:54:47,4.2955259,"A0"
2025-06-27 09:54:48,4.2993086,"A0"
2025-06-27 09:54:49,4.3035552,"A0"
2025-06-27 09:54:50,4.3075474,"A0"
2025-06-27 09:54:51,4.3121797,"A0"
2025-06-27 09:54:52,4.3166904,"A0"
2025-06-27 09:54:53,4.3212358,"A0"
2025-06-27 09:54:54,4.3242646,"A0"
2025-06-27 09:54:55,4.3280254,"A0"
2025-06-27 09:54:56,4.3324219,"A0"
2025-06-27 09:54:57,4.3361245,"A0"
2025-06-27 09:54:58,4.3398599,"A0"
2025-06-27 09:54:59,4.343084,"A0"
2025-06-27 09:55:00,4.3472744,"A0"
2025-06-27 09:58:00,3.8365029,"B0"
2025-06-27 09:58:01,3.8419709,"B0"
2025-06-27 09:58:02,3.8475439,"B0"
2025-06-27 09:58:03,3.8523459,"B0"
2025-06-27 09:58:04,3.8583005,"B0"
2025-06-27 09:58:05,3.8629929,"B0"
2025-06-27 09:58:06,3.8682102,"B0"
2025-06-27 09:58:07,3.8732163,"B0"
2025-06-27 09:58:08,3.878635,"B0"
2025-06-27 09:58:09,3.8843647,"B0"
2025-06-27 09:58:10,3.8896042,"B0"
2025-06-27 09:58:11,3.8945012,"B0"
2025-06-27 09:58:12,3.9003452,"B0"
2025-06-27 09:58:13,3.9054744,"B0"
2025-06-27 09:58:14,3.9109065,"B0"
2025-06-27 09:58:15,3.9158235,"B0"
2025-06-27 09:58:16,3.920562,"B0"
2025-06-27 09:58:17,3.9266099,"B0"
2025-06-27 09:58:18,3.9316135,"B0"
2025-06-27 09:58:19,3.9381829,"B0"
2025-06-27 09:58:20,3.9430908,"B0"
2025-06-27 09:58:21,3.9478325,"B0"
2025-06-27 09:58:22,3.9523997,"B0"
2025-06-27 09:58:23,3.957769,"B0"
2025-06-27 09:58:24,3.963231,"B0"
2025-06-27 09:58:25,3.9682505,"B0"
2025-06-27 09:58:26,3.9738743,"B0"
2025-06-27 09:58:27,3.978884,"B0"
2025-06-27 09:58:28,3.9843413,"B0"
2025-06-27 09:58:29,3.9897996,"B0"
2025-06-27 09:58:30,3.994708,"B0"
2025-06-27 09:58:31,3.9999187,"B0"
2025-06-27 09:58:32,4.0048113,"B0"
2025-06-27 09:58:33,4.0088989,"B0"
2025-06-27 09:58:34,4.0151199,"B0"
2025-06-27 09:58:35,4.0214666,"B0"
2025-06-27 09:58:36,4.0266841,"B0"
2025-06-27 09:58:37,4.0309961,"B0"
2025-06-27 09:58:38,4.0367378,"B0"
2025-06-27 09:58:39,4.0411555,"B0"
2025-06-27 09:58:40,4.0470557,"B0"
2025-06-27 09:58:41,4.0518984,"B0"
2025-06-27 09:58:42,4.0573467,"B0"
2025-06-27 09:58:43,4.0628655,"B0"
2025-06-27 09:58:44,4.0680859,"B0"
2025-06-27 09:58:45,4.0738828,"B0"
2025-06-27 09:58:46,4.0787202,"B0"
2025-06-27 09:58:47,4.0839778,"B0"
2025-06-27 09:58:48,4.0892446,"B0"
2025-06-27 09:58:49,4.0943589,"B0"
2025-06-27 09:58:50,4.0997969,"B0"
2025-06-27 09:58:51,4.1049307,"B0"
2025-06-27 09:58:52,4.1103994,"B0"
2025-06-27 09:58:53,4.1154697,"B0"
2025-06-27 09:58:54,4.1205044,"B0"
2025-06-27 09:58:55,4.1249712,"B0"
2025-06-27 09:58:56,4.1296846,"B0"
2025-06-27 09:58:57,4.1357485,"B0"
2025-06-27 09:58:58,4.1417324,"B0"
2025-06-27 09:58:59,4.1467939,"B0"
2025-06-27 09:59:00,4.1526279,"B0"
2025-06-27 09:59:01,4.1581187,"B0"
2025-06-27 09:59:02,4.1628149,"B0"
2025-06-27 09:59:03,4.1676104,"B0"
2025-06-27 09:59:04,4.1722793,"B0"
2025-06-27 09:59:05,4.1775571,"B0"
2025-06-27 09:59:06,4.183313,"B0"
2025-06-27 09:59:07,4.1882422,"B0"
2025-06-27 09:59:08,4.1936821,"B0"
2025-06-27 09:59:09,4.1985273,"B0"
2025-06-27 09:59:10,4.2039976,"B0"
2025-06-27 09:59:11,4.209106,"B0"
2025-06-27 09:59:12,4.2146919,"B0"
2025-06-27 09:59:13,4.2196826,"B0"
2025-06-27 09:59:14,4.2239756,"B0"
2025-06-27 09:59:15,4.2297788,"B0"
2025-06-27 09:59:16,4.2349976,"B0"
2025-06-27 09:59:17,4.2406099,"B0"
2025-06-27 09:59:18,4.245624,"B0"
2025-06-27 09:59:19,4.2507095,"B0"
2025-06-27 09:59:20,4.2557251,"B0"
2025-06-27 09:59:21,4.2611978,"B0"
2025-06-27 09:59:22,4.2665288,"B0"
2025-06-27 09:59:23,4.2717075,"B0"
2025-06-27 09:59:24,4.2773779,"B0"
2025-06-27 09:59:25,4.2824512,"B0"
2025-06-27 09:59:26,4.2871357,"B0"
2025-06-27 09:59:27,4.2923076,"B0"
2025-06-27 09:59:28,4.2976934,"B0"
2025-06-27 09:59:29,4.3031992,"B0"
2025-06-27 09:59:30,4.3081987,"B0"
2025-06-27 09:59:31,4.3131187,"B0"
2025-06-27 09:59:32,4.3185483,"B0"
2025-06-27 09:59:33,4.3229888,"B0"
2025-06-27 09:59:34,4.3284082,"B0"
2025-06-27 09:59:35,4.3338218,"B0"
2025-06-27 09:59:36,4.3393115,"B0"
2025-06-27 09:59:37,4.3443867,"B0"
2025-06-27 09:59:38,4.3498281,"B0"
2025-06-27 09:59:39,4.3548184,"B0"
2025-06-27 09:59:40,4.3605342,"B0"
2025-06-27 09:59:41,4.365772,"B0"
2025-06-27 09:59:42,4.3700859,"B0"
2025-06-27 09:59:43,4.3757749,"B0"
2025-06-27 09:59:44,4.3804653,"B0"
2025-06-27 09:59:45,4.3863335,"B0"
2025-06-27 09:59:46,4.3913872,"B0"
2025-06-27 09:59:47,4.3965723,"B0"
2025-06-27 09:59:48,4.4013394,"B0"
2025-06-27 09:59:49,4.4067495,"B0"
2025-06-27 09:59:50,4.411916,"B0"
2025-06-27 09:59:51,4.4173921,"B0"
2025-06-27 09:59:52,4.4221636,"B0"
2025-06-27 09:59:53,4.42777,"B0"
2025-06-27 09:59:54,4.4328843,"B0"
2025-06-27 09:59:55,4.4378066,"B0"
2025-06-27 09:59:56,4.4431494,"B0"
2025-06-27 09:59:57,4.4491504,"B0"
2025-06-27 09:59:58,4.4531768,"B0"
2025-06-27 09:59:59,4.4591729,"B0"
2025-06-27 10:00:00,4.4643682,"B0"
2025-06-27 10:03:00,3.1561758,"C10"
2025-06-27 10:03:01,3.1604104,"C10"
2025-06-27 10:03:02,3.1651265,"C10"
2025-06-27 10:03:03,3.1695811,"C10"
2025-06-27 10:03:04,3.1745771,"C10"
2025-06-27 10:03:05,3.1788203,"C10"
2025-06-27 10:03:06,3.1837056,"C10"
2025-06-27 10:03:07,3.1878784,"C10"
2025-06-27 10:03:08,3.1920569,"C10"
2025-06-27 10:03:09,3.1969319,"C10"
2025-06-27 10:03:10,3.2009492,"C10"
2025-06-27 10:03:11,3.2060549,"C10"
2025-06-27 10:03:12,3.2106719,"C10"
2025-06-27 10:03:13,3.2148677,"C10"
2025-06-27 10:03:14,3.2188755,"C10"
2025-06-27 10:03:15,3.2237363,"C10"
2025-06-27 10:03:16,3.2287585,"C10"
2025-06-27 10:03:17,3.2335759,"C10"
2025-06-27 10:03:18,3.2382356,"C10"
2025-06-27 10:03:19,3.2426235,"C10"
2025-06-27 10:03:20,3.2463689,"C10"
2025-06-27 10:03:21,3.2515845,"C10"
2025-06-27 10:03:22,3.2564106,"C10"
2025-06-27 10:03:23,3.2609302,"C10"
2025-06-27 10:03:24,3.2651846,"C10"
2025-06-27 10:03:25,3.2700952,"C10"
2025-06-27 10:03:26,3.2740305,"C10"
2025-06-27 10:03:27,3.2792573,"C10"
2025-06-27 10:03:28,3.283592,"C10"
2025-06-27 10:03:29,3.2874604,"C10"
2025-06-27 10:03:30,3.292021,"C10"
2025-06-27 10:03:31,3.2972969,"C10"
2025-06-27 10:03:32,3.3023054,"C10"
2025-06-27 10:03:33,3.3062422,"C10"
2025-06-27 10:03:34,3.3103582,"C10"
2025-06-27 10:03:35,3.3144546,"C10"
2025-06-27 10:03:36,3.3188906,"C10"
2025-06-27 10:03:37,3.3236472,"C10"
2025-06-27 10:03:38,3.3280139,"C10"
2025-06-27 10:03:39,3.3325115,"C10"
2025-06-27 10:03:40,3.3370525,"C10"
2025-06-27 10:03:41,3.3414553,"C10"
2025-06-27 10:03:42,3.3458821,"C10"
2025-06-27 10:03:43,3.3500916,"C10"
2025-06-27 10:03:44,3.3550967,"C10"
2025-06-27 10:03:45,3.3596382,"C10"
2025-06-27 10:03:46,3.3640762,"C10"
2025-06-27 10:03:47,3.3683184,"C10"
2025-06-27 10:03:48,3.3734382,"C10"
2025-06-27 10:03:49,3.3778755,"C10"
2025-06-27 10:03:50,3.3820698,"C10"
2025-06-27 10:03:51,3.3865342,"C10"
2025-06-27 10:03:52,3.3917036,"C10"
2025-06-27 10:03:53,3.3964895,"C10"
2025-06-27 10:03:54,3.3998586,"C10"
2025-06-27 10:03:55,3.4045457,"C10"
2025-06-27 10:03:56,3.4089126,"C10"
2025-06-27 10:03:57,3.4137268,"C10"
2025-06-27 10:03:58,3.417823,"C10"
2025-06-27 10:03:59,3.4224866,"C10"
2025-06-27 10:04:00,3.4270356,"C10"
2025-06-27 10:04:01,3.4317795,"C10"
2025-06-27 10:04:02,3.4365083,"C10"
2025-06-27 10:04:03,3.4410007,"C10"
2025-06-27 10:04:04,3.4450891,"C10"
2025-06-27 10:04:05,3.449436,"C10"
2025-06-27 10:04:06,3.4541431,"C10"
2025-06-27 10:04:07,3.4586794,"C10"
2025-06-27 10:04:08,3.4625112,"C10"
2025-06-27 10:04:09,3.467051,"C10"
2025-06-27 10:04:10,3.4713987,"C10"
2025-06-27 10:04:11,3.475895,"C10"
2025-06-27 10:04:12,3.4800808,"C10"
2025-06-27 10:04:13,3.4850901,"C10"
2025-06-27 10:04:14,3.4899739,"C10"
2025-06-27 10:04:15,3.4943708,"C10"
2025-06-27 10:04:16,3.498876,"C10"
2025-06-27 10:04:17,3.5025791,"C10"
2025-06-27 10:04:18,3.5077039,"C10"
2025-06-27 10:04:19,3.511781,"C10"
2025-06-27 10:04:20,3.516554,"C10"
2025-06-27 10:04:21,3.520499,"C10"
2025-06-27 10:04:22,3.5252417,"C10"
2025-06-27 10:04:23,3.5301428,"C10"
2025-06-27 10:04:24,3.5342651,"C10"
2025-06-27 10:04:25,3.5391599,"C10"
2025-06-27 10:04:26,3.543405,"C10"
2025-06-27 10:04:27,3.5473352,"C10"
2025-06-27 10:04:28,3.5521587,"C10"
2025-06-27 10:04:29,3.5567202,"C10"
2025-06-27 10:04:30,3.5612158,"C10"
2025-06-27 10:04:31,3.5656692,"C10"
2025-06-27 10:04:32,3.5699336,"C10"
2025-06-27 10:04:33,3.5745332,"C10"
2025-06-27 10:04:34,3.5785857,"C10"
2025-06-27 10:04:35,3.5828811,"C10"
2025-06-27 10:04:36,3.5877725,"C10"
2025-06-27 10:04:37,3.592427,"C10"
2025-06-27 10:04:38,3.5971543,"C10"
2025-06-27 10:04:39,3.6014348,"C10"
2025-06-27 10:04:40,3.6054155,"C10"
2025-06-27 10:04:41,3.6102339,"C10"
2025-06-27 10:04:42,3.6142251,"C10"
2025-06-27 10:04:43,3.6186729,"C10"
2025-06-27 10:04:44,3.6230842,"C10"
2025-06-27 10:04:45,3.6278191,"C10"
2025-06-27 10:04:46,3.6324458,"C10"
2025-06-27 10:04:47,3.6366118,"C10"
2025-06-27 10:04:48,3.6412415,"C10"
2025-06-27 10:04:49,3.6459182,"C10"
2025-06-27 10:04:50,3.6499326,"C10"
2025-06-27 10:04:51,3.6540356,"C10"
2025-06-27 10:04:52,3.6585974,"C10"
2025-06-27 10:04:53,3.6631758,"C10"
2025-06-27 10:04:54,3.6670164,"C10"
2025-06-27 10:04:55,3.6692979,"C10"
2025-06-27 10:04:56,3.6760786,"C10"
2025-06-27 10:04:57,3.6808394,"C10"
2025-06-27 10:04:58,3.6858457,"C10"
2025-06-27 10:04:59,3.6898704,"C10"
2025-06-27 10:05:00,3.6947087,"C10"
2025-06-27 10:08:00,3.2293137,"D0"
2025-06-27 10:08:01,3.2309707,"D0"
2025-06-27 10:08:02,3.2336724,"D0"
2025-06-27 10:08:03,3.2355247,"D0"
2025-06-27 10:08:04,3.2378882,"D0"
2025-06-27 10:08:05,3.2398264,"D0"
2025-06-27 10:08:06,3.2417727,"D0"
2025-06-27 10:08:07,3.2436624,"D0"
2025-06-27 10:08:08,3.2460789,"D0"
2025-06-27 10:08:09,3.247947,"D0"
2025-06-27 10:08:10,3.250084,"D0"
2025-06-27 10:08:11,3.2524668,"D0"
2025-06-27 10:08:12,3.2544033,"D0"
2025-06-27 10:08:13,3.2566638,"D0"
2025-06-27 10:08:14,3.2587566,"D0"
2025-06-27 10:08:15,3.2607844,"D0"
2025-06-27 10:08:16,3.2631482,"D0"
2025-06-27 10:08:17,3.2647805,"D0"
2025-06-27 10:08:18,3.2674114,"D0"
2025-06-27 10:08:19,3.2690198,"D0"
2025-06-27 10:08:20,3.2715874,"D0"
2025-06-27 10:08:21,3.2744089,"D0"
2025-06-27 10:08:22,3.2758999,"D0"
2025-06-27 10:08:23,3.2777024,"D0"
2025-06-27 10:08:24,3.2796575,"D0"
2025-06-27 10:08:25,3.2818618,"D0"
2025-06-27 10:08:26,3.2839773,"D0"
2025-06-27 10:08:27,3.2858943,"D0"
2025-06-27 10:08:28,3.2883625,"D0"
2025-06-27 10:08:29,3.2905078,"D0"
2025-06-27 10:08:30,3.292447,"D0"
2025-06-27 10:08:31,3.2944834,"D0"
2025-06-27 10:08:32,3.2961753,"D0"
2025-06-27 10:08:33,3.2984634,"D0"
2025-06-27 10:08:34,3.3006519,"D0"
2025-06-27 10:08:35,3.303186,"D0"
2025-06-27 10:08:36,3.3051809,"D0"
2025-06-27 10:08:37,3.3071792,"D0"
2025-06-27 10:08:38,3.3092146,"D0"
2025-06-27 10:08:39,3.3113047,"D0"
2025-06-27 10:08:40,3.3133567,"D0"
2025-06-27 10:08:41,3.3156384,"D0"
2025-06-27 10:08:42,3.3176355,"D0"
2025-06-27 10:08:43,3.31976,"D0"
2025-06-27 10:08:44,3.3222527,"D0"
2025-06-27 10:08:45,3.3239863,"D0"
2025-06-27 10:08:46,3.3262966,"D0"
2025-06-27 10:08:47,3.3276106,"D0"
2025-06-27 10:08:48,3.329688,"D0"
2025-06-27 10:08:49,3.3320557,"D0"
2025-06-27 10:08:50,3.3340779,"D0"
2025-06-27 10:08:51,3.3367307,"D0"
2025-06-27 10:08:52,3.339001,"D0"
2025-06-27 10:08:53,3.3405293,"D0"
2025-06-27 10:08:54,3.3433079,"D0"
2025-06-27 10:08:55,3.345239,"D0"
2025-06-27 10:08:56,3.3474204,"D0"
2025-06-27 10:08:57,3.3493813,"D0"
2025-06-27 10:08:58,3.3503882,"D0"
2025-06-27 10:08:59,3.3528196,"D0"
2025-06-27 10:09:00,3.3550881,"D0"
2025-06-27 10:09:01,3.3573396,"D0"
2025-06-27 10:09:02,3.3595625,"D0"
2025-06-27 10:09:03,3.3611006,"D0"
2025-06-27 10:09:04,3.3631519,"D0"
2025-06-27 10:09:05,3.3649363,"D0"
2025-06-27 10:09:06,3.3673887,"D0"
2025-06-27 10:09:07,3.369718,"D0"
2025-06-27 10:09:08,3.3720146,"D0"
2025-06-27 10:09:09,3.3738901,"D0"
2025-06-27 10:09:10,3.3759031,"D0"
2025-06-27 10:09:11,3.3780686,"D0"
2025-06-27 10:09:12,3.3801626,"D0"
2025-06-27 10:09:13,3.382104,"D0"
2025-06-27 10:09:14,3.3841648,"D0"
2025-06-27 10:09:15,3.3864563,"D0"
2025-06-27 10:09:16,3.3888435,"D0"
2025-06-27 10:09:17,3.3902966,"D0"
2025-06-27 10:09:18,3.392406,"D0"
2025-06-27 10:09:19,3.3949429,"D0"
2025-06-27 10:09:20,3.396917,"D0"
2025-06-27 10:09:21,3.3985381,"D0"
2025-06-27 10:09:22,3.4004868,"D0"
2025-06-27 10:09:23,3.4032327,"D0"
2025-06-27 10:09:24,3.4050913,"D0"
2025-06-27 10:09:25,3.4070259,"D0"
2025-06-27 10:09:26,3.4091006,"D0"
2025-06-27 10:09:27,3.4110715,"D0"
2025-06-27 10:09:28,3.4132285,"D0"
2025-06-27 10:09:29,3.4151587,"D0"
2025-06-27 10:09:30,3.4172134,"D0"
2025-06-27 10:09:31,3.4196472,"D0"
2025-06-27 10:09:32,3.4215598,"D0"
2025-06-27 10:09:33,3.4233938,"D0"
2025-06-27 10:09:34,3.425345,"D0"
2025-06-27 10:09:35,3.4271829,"D0"
2025-06-27 10:09:36,3.429844,"D0"
2025-06-27 10:09:37,3.431498,"D0"
2025-06-27 10:09:38,3.4337915,"D0"
2025-06-27 10:09:39,3.4365896,"D0"
2025-06-27 10:09:40,3.4383103,"D0"
2025-06-27 10:09:41,3.4399268,"D0"
2025-06-27 10:09:42,3.4420149,"D0"
2025-06-27 10:09:43,3.4440852,"D0"
2025-06-27 10:09:44,3.4462012,"D0"
2025-06-27 10:09:45,3.4485518,"D0"
2025-06-27 10:09:46,3.4504023,"D0"
2025-06-27 10:09:47,3.4521277,"D0"
2025-06-27 10:09:48,3.4549077,"D0"
2025-06-27 10:09:49,3.4568884,"D0"
2025-06-27 10:09:50,3.458968,"D0"
2025-06-27 10:09:51,3.4608645,"D0"
2025-06-27 10:09:52,3.4627451,"D0"
2025-06-27 10:09:53,3.4649729,"D0"
2025-06-27 10:09:54,3.467304,"D0"
2025-06-27 10:09:55,3.4689104,"D0"
2025-06-27 10:09:56,3.4710554,"D0"
2025-06-27 10:09:57,3.4731826,"D0"
2025-06-27 10:09:58,3.4750881,"D0"
2025-06-27 10:09:59,3.4769375,"D0"
2025-06-27 10:10:00,3.4793303,"D0"
2025-06-27 10:13:00,3.1309446,"E0"
2025-06-27 10:13:01,3.131728,"E0"
2025-06-27 10:13:02,3.1317083,"E0"
2025-06-27 10:13:03,3.131978,"E0"
2025-06-27 10:13:04,3.1321609,"E0"
2025-06-27 10:13:05,3.1327432,"E0"
2025-06-27 10:13:06,3.1332527,"E0"
2025-06-27 10:13:07,3.1339558,"E0"
2025-06-27 10:13:08,3.1340781,"E0"
2025-06-27 10:13:09,3.1347405,"E0"
2025-06-27 10:13:10,3.1351433,"E0"
2025-06-27 10:13:11,3.1357783,"E0"
2025-06-27 10:13:12,3.1358103,"E0"
2025-06-27 10:13:13,3.1367231,"E0"
2025-06-27 10:13:14,3.1371582,"E0"
2025-06-27 10:13:15,3.1373591,"E0"
2025-06-27 10:13:16,3.1380566,"E0"
2025-06-27 10:13:17,3.1385928,"E0"
2025-06-27 10:13:18,3.1387124,"E0"
2025-06-27 10:13:19,3.139415,"E0"
2025-06-27 10:13:20,3.139655,"E0"
2025-06-27 10:13:21,3.1399412,"E0"
2025-06-27 10:13:22,3.1400129,"E0"
2025-06-27 10:13:23,3.1406799,"E0"
2025-06-27 10:13:24,3.1413325,"E0"
2025-06-27 10:13:25,3.1417227,"E0"
2025-06-27 10:13:26,3.1425061,"E0"
2025-06-27 10:13:27,3.1422947,"E0"
2025-06-27 10:13:28,3.1431909,"E0"
2025-06-27 10:13:29,3.1434478,"E0"
2025-06-27 10:13:30,3.1439919,"E0"
2025-06-27 10:13:31,3.1441731,"E0"
2025-06-27 10:13:32,3.1446267,"E0"
2025-06-27 10:13:33,3.145052,"E0"
2025-06-27 10:13:34,3.1458726,"E0"
2025-06-27 10:13:35,3.1457141,"E0"
2025-06-27 10:13:36,3.1460107,"E0"
2025-06-27 10:13:37,3.1464558,"E0"
2025-06-27 10:13:38,3.1473806,"E0"
2025-06-27 10:13:39,3.1475212,"E0"
2025-06-27 10:13:40,3.1483896,"E0"
2025-06-27 10:13:41,3.1489084,"E0"
2025-06-27 10:13:42,3.1491001,"E0"
2025-06-27 10:13:43,3.1494822,"E0"
2025-06-27 10:13:44,3.1497131,"E0"
2025-06-27 10:13:45,3.1505984,"E0"
2025-06-27 10:13:46,3.1508296,"E0"
2025-06-27 10:13:47,3.1515691,"E0"
2025-06-27 10:13:48,3.1518782,"E0"
2025-06-27 10:13:49,3.1522363,"E0"
2025-06-27 10:13:50,3.1524602,"E0"
2025-06-27 10:13:51,3.1531372,"E0"
2025-06-27 10:13:52,3.1537952,"E0"
2025-06-27 10:13:53,3.1543608,"E0"
2025-06-27 10:13:54,3.15429,"E0"
2025-06-27 10:13:55,3.1551418,"E0"
2025-06-27 10:13:56,3.1549373,"E0"
2025-06-27 10:13:57,3.1557859,"E0"
2025-06-27 10:13:58,3.1561123,"E0"
2025-06-27 10:13:59,3.1567234,"E0"
2025-06-27 10:14:00,3.1564949,"E0"
2025-06-27 10:14:01,3.1574778,"E0"
2025-06-27 10:14:02,3.1577883,"E0"
2025-06-27 10:14:03,3.1582732,"E0"
2025-06-27 10:14:04,3.1588296,"E0"
2025-06-27 10:14:05,3.1593074,"E0"
2025-06-27 10:14:06,3.1589946,"E0"
2025-06-27 10:14:07,3.1599968,"E0"
2025-06-27 10:14:08,3.1604382,"E0"
2025-06-27 10:14:09,3.1608508,"E0"
2025-06-27 10:14:10,3.1609749,"E0"
2025-06-27 10:14:11,3.1612944,"E0"
2025-06-27 10:14:12,3.1618933,"E0"
2025-06-27 10:14:13,3.1624304,"E0"
2025-06-27 10:14:14,3.1627292,"E0"
2025-06-27 10:14:15,3.1633232,"E0"
2025-06-27 10:14:16,3.1635027,"E0"
2025-06-27 10:14:17,3.1640847,"E0"
2025-06-27 10:14:18,3.164321,"E0"
2025-06-27 10:14:19,3.1646431,"E0"
2025-06-27 10:14:20,3.1652676,"E0"
2025-06-27 10:14:21,3.1653057,"E0"
2025-06-27 10:14:22,3.1662979,"E0"
2025-06-27 10:14:23,3.1670623,"E0"
2025-06-27 10:14:24,3.1672498,"E0"
2025-06-27 10:14:25,3.1671523,"E0"
2025-06-27 10:14:26,3.1677273,"E0"
2025-06-27 10:14:27,3.1684258,"E0"
2025-06-27 10:14:28,3.168801,"E0"
2025-06-27 10:14:29,3.1689519,"E0"
2025-06-27 10:14:30,3.1693726,"E0"
2025-06-27 10:14:31,3.1696543,"E0"
2025-06-27 10:14:32,3.1697976,"E0"
2025-06-27 10:14:33,3.1705728,"E0"
2025-06-27 10:14:34,3.1713186,"E0"
2025-06-27 10:14:35,3.1720039,"E0"
2025-06-27 10:14:36,3.1719275,"E0"
2025-06-27 10:14:37,3.1726489,"E0"
2025-06-27 10:14:38,3.1730256,"E0"
2025-06-27 10:14:39,3.1732107,"E0"
2025-06-27 10:14:40,3.1737617,"E0"
2025-06-27 10:14:41,3.1743008,"E0"
2025-06-27 10:14:42,3.1744915,"E0"
2025-06-27 10:14:43,3.1749316,"E0"
2025-06-27 10:14:44,3.1750557,"E0"
2025-06-27 10:14:45,3.1759202,"E0"
2025-06-27 10:14:46,3.1765205,"E0"
2025-06-27 10:14:47,3.1768994,"E0"
2025-06-27 10:14:48,3.1767725,"E0"
2025-06-27 10:14:49,3.1771423,"E0"
2025-06-27 10:14:50,3.17776,"E0"
2025-06-27 10:14:51,3.1783557,"E0"
2025-06-27 10:14:52,3.1782683,"E0"
2025-06-27 10:14:53,3.1791064,"E0"
2025-06-27 10:14:54,3.1795107,"E0"
2025-06-27 10:14:55,3.1795891,"E0"
2025-06-27 10:14:56,3.1799573,"E0"
2025-06-27 10:14:57,3.1803337,"E0"
2025-06-27 10:14:58,3.180665,"E0"
2025-06-27 10:14:59,3.1808777,"E0"
2025-06-27 10:15:00,3.1819414,"E0"
2025-06-27 10:29:00,3.3524092,"A10"
2025-06-27 10:29:01,3.3573083,"A10"
2025-06-27 10:29:02,3.361603,"A10"
2025-06-27 10:29:03,3.3666848,"A10"
2025-06-27 10:29:04,3.3712952,"A10"
2025-06-27 10:29:05,3.3756812,"A10"
2025-06-27 10:29:06,3.3805779,"A10"
2025-06-27 10:29:07,3.3851023,"A10"
2025-06-27 10:29:08,3.3891958,"A10"
2025-06-27 10:29:09,3.3936433,"A10"
2025-06-27 10:29:10,3.3974097,"A10"
2025-06-27 10:29:11,3.4014531,"A10"
2025-06-27 10:29:12,3.4057244,"A10"
2025-06-27 10:29:13,3.410199,"A10"
2025-06-27 10:29:14,3.4148647,"A10"
2025-06-27 10:29:15,3.4192632,"A10"
2025-06-27 10:29:16,3.4241995,"A10"
2025-06-27 10:29:17,3.4286616,"A10"
2025-06-27 10:29:18,3.4328772,"A10"
2025-06-27 10:29:19,3.4374229,"A10"
2025-06-27 10:29:20,3.4417324,"A10"
2025-06-27 10:29:21,3.4460249,"A10"
2025-06-27 10:29:22,3.4510139,"A10"
2025-06-27 10:29:23,3.4552781,"A10"
2025-06-27 10:29:24,3.4597979,"A10"
2025-06-27 10:29:25,3.4643096,"A10"
2025-06-27 10:29:26,3.4684446,"A10"
2025-06-27 10:29:27,3.4728616,"A10"
2025-06-27 10:29:28,3.4774285,"A10"
2025-06-27 10:29:29,3.482552,"A10"
2025-06-27 10:29:30,3.4870315,"A10"
2025-06-27 10:29:31,3.4915566,"A10"
2025-06-27 10:29:32,3.4953108,"A10"
2025-06-27 10:29:33,3.4993845,"A10"
2025-06-27 10:29:34,3.5037849,"A10"
2025-06-27 10:29:35,3.5088477,"A10"
2025-06-27 10:29:36,3.5128835,"A10"
2025-06-27 10:29:37,3.5173323,"A10"
2025-06-27 10:29:38,3.5221091,"A10"
2025-06-27 10:29:39,3.5260542,"A10"
2025-06-27 10:29:40,3.5305046,"A10"
2025-06-27 10:29:41,3.535032,"A10"
2025-06-27 10:29:42,3.5390339,"A10"
2025-06-27 10:29:43,3.5436848,"A10"
2025-06-27 10:29:44,3.548573,"A10"
2025-06-27 10:29:45,3.5525483,"A10"
2025-06-27 10:29:46,3.5577622,"A10"
2025-06-27 10:29:47,3.5617422,"A10"
2025-06-27 10:29:48,3.5660547,"A10"
2025-06-27 10:29:49,3.570022,"A10"
2025-06-27 10:29:50,3.5747144,"A10"
2025-06-27 10:29:51,3.5787488,"A10"
2025-06-27 10:29:52,3.5825637,"A10"
2025-06-27 10:29:53,3.5878516,"A10"
2025-06-27 10:29:54,3.591958,"A10"
2025-06-27 10:29:55,3.5964695,"A10"
2025-06-27 10:29:56,3.6006836,"A10"
2025-06-27 10:29:57,3.6052876,"A10"
2025-06-27 10:29:58,3.6098367,"A10"
2025-06-27 10:29:59,3.6144021,"A10"
2025-06-27 10:30:00,3.6180432,"A10"
2025-06-27 10:30:01,3.6220359,"A10"
2025-06-27 10:30:02,3.6268396,"A10"
2025-06-27 10:30:03,3.6311174,"A10"
2025-06-27 10:30:04,3.6360642,"A10"
2025-06-27 10:30:05,3.6401343,"A10"
2025-06-27 10:30:06,3.6444109,"A10"
2025-06-27 10:30:07,3.6490613,"A10"
2025-06-27 10:30:08,3.6535254,"A10"
2025-06-27 10:30:09,3.6584031,"A10"
2025-06-27 10:30:10,3.6632163,"A10"
2025-06-27 10:30:11,3.6671128,"A10"
2025-06-27 10:30:12,3.6720017,"A10"
2025-06-27 10:30:13,3.6759624,"A10"
2025-06-27 10:30:14,3.6808201,"A10"
2025-06-27 10:30:15,3.6852842,"A10"
2025-06-27 10:30:16,3.6894038,"A10"
2025-06-27 10:30:17,3.6937424,"A10"
2025-06-27 10:30:18,3.6979041,"A10"
2025-06-27 10:30:19,3.7019358,"A10"
2025-06-27 10:30:20,3.7066804,"A10"
2025-06-27 10:30:21,3.71098,"A10"
2025-06-27 10:30:22,3.7147432,"A10"
2025-06-27 10:30:23,3.719417,"A10"
2025-06-27 10:30:24,3.7246748,"A10"
2025-06-27 10:30:25,3.7289275,"A10"
2025-06-27 10:30:26,3.7332261,"A10"
2025-06-27 10:30:27,3.7374829,"A10"
2025-06-27 10:30:28,3.7416851,"A10"
2025-06-27 10:30:29,3.7459011,"A10"
2025-06-27 10:30:30,3.7500735,"A10"
2025-06-27 10:30:31,3.7544878,"A10"
2025-06-27 10:30:32,3.7597307,"A10"
2025-06-27 10:30:33,3.7638521,"A10"
2025-06-27 10:30:34,3.768291,"A10"
2025-06-27 10:30:35,3.7720825,"A10"
2025-06-27 10:30:36,3.7767795,"A10"
2025-06-27 10:30:37,3.7816277,"A10"
2025-06-27 10:30:38,3.7855249,"A10"
2025-06-27 10:30:39,3.7901392,"A10"
2025-06-27 10:30:40,3.7943723,"A10"
2025-06-27 10:30:41,3.7985901,"A10"
2025-06-27 10:30:42,3.8027705,"A10"
2025-06-27 10:30:43,3.8071243,"A10"
2025-06-27 10:30:44,3.8117119,"A10"
2025-06-27 10:30:45,3.8165635,"A10"
2025-06-27 10:30:46,3.8207678,"A10"
2025-06-27 10:30:47,3.8251731,"A10"
2025-06-27 10:30:48,3.8297253,"A10"
2025-06-27 10:30:49,3.833916,"A10"
2025-06-27 10:30:50,3.8383384,"A10"
2025-06-27 10:30:51,3.8423582,"A10"
2025-06-27 10:30:52,3.8473811,"A10"
2025-06-27 10:30:53,3.8515269,"A10"
2025-06-27 10:30:54,3.8554944,"A10"
2025-06-27 10:30:55,3.8602158,"A10"
2025-06-27 10:30:56,3.8647471,"A10"
2025-06-27 10:30:57,3.8696238,"A10"
2025-06-27 10:30:58,3.8735933,"A10"
2025-06-27 10:30:59,3.8776453,"A10"
2025-06-27 10:31:00,3.8818496,"A10"
2025-06-27 10:34:00,3.4458406,"B50"
2025-06-27 10:34:01,3.458106,"B50"
2025-06-27 10:34:02,3.4698455,"B50"
2025-06-27 10:34:03,3.4825549,"B50"
2025-06-27 10:34:04,3.4945684,"B50"
2025-06-27 10:34:05,3.5071584,"B50"
2025-06-27 10:34:06,3.5205195,"B50"
2025-06-27 10:34:07,3.5331536,"B50"
2025-06-27 10:34:08,3.5452505,"B50"
2025-06-27 10:34:09,3.5581968,"B50"
2025-06-27 10:34:10,3.5700896,"B50"
2025-06-27 10:34:11,3.5813352,"B50"
2025-06-27 10:34:12,3.593949,"B50"
2025-06-27 10:34:13,3.6058923,"B50"
2025-06-27 10:34:14,3.6179888,"B50"
2025-06-27 10:34:15,3.63174,"B50"
2025-06-27 10:34:16,3.6431284,"B50"
2025-06-27 10:34:17,3.6549248,"B50"
2025-06-27 10:34:18,3.6684036,"B50"
2025-06-27 10:34:19,3.6807263,"B50"
2025-06-27 10:34:20,3.6941211,"B50"
2025-06-27 10:34:21,3.7055205,"B50"
2025-06-27 10:34:22,3.7176787,"B50"
2025-06-27 10:34:23,3.7288887,"B50"
2025-06-27 10:34:24,3.7415486,"B50"
2025-06-27 10:34:25,3.754606,"B50"
2025-06-27 10:34:26,3.7662822,"B50"
2025-06-27 10:34:27,3.7777361,"B50"
2025-06-27 10:34:28,3.7900242,"B50"
2025-06-27 10:34:29,3.8029326,"B50"
2025-06-27 10:34:30,3.8147581,"B50"
2025-06-27 10:34:31,3.8263723,"B50"
2025-06-27 10:34:32,3.8385095,"B50"
2025-06-27 10:34:33,3.8514226,"B50"
2025-06-27 10:34:34,3.8632383,"B50"
2025-06-27 10:34:35,3.8752383,"B50"
2025-06-27 10:34:36,3.8871052,"B50"
2025-06-27 10:34:37,3.8989724,"B50"
2025-06-27 10:34:38,3.9113401,"B50"
2025-06-27 10:34:39,3.9240215,"B50"
2025-06-27 10:34:40,3.9369089,"B50"
2025-06-27 10:34:41,3.9487078,"B50"
2025-06-27 10:34:42,3.9597424,"B50"
2025-06-27 10:34:43,3.9720178,"B50"
2025-06-27 10:34:44,3.9840715,"B50"
2025-06-27 10:34:45,3.9951548,"B50"
2025-06-27 10:34:46,4.0069817,"B50"
2025-06-27 10:34:47,4.0190479,"B50"
2025-06-27 10:34:48,4.0323953,"B50"
2025-06-27 10:34:49,4.0440955,"B50"
2025-06-27 10:34:50,4.057437,"B50"
2025-06-27 10:34:51,4.069207,"B50"
2025-06-27 10:34:52,4.0812834,"B50"
2025-06-27 10:34:53,4.0936128,"B50"
2025-06-27 10:34:54,4.1049346,"B50"
2025-06-27 10:34:55,4.1171797,"B50"
2025-06-27 10:34:56,4.130562,"B50"
2025-06-27 10:34:57,4.142645,"B50"
2025-06-27 10:34:58,4.1543203,"B50"
2025-06-27 10:34:59,4.166144,"B50"
2025-06-27 10:35:00,4.1781636,"B50"
2025-06-27 10:35:01,4.1896533,"B50"
2025-06-27 10:35:02,4.2013696,"B50"
2025-06-27 10:35:03,4.2131616,"B50"
2025-06-27 10:35:04,4.2260073,"B50"
2025-06-27 10:35:05,4.2389209,"B50"
2025-06-27 10:35:06,4.249125,"B50"
2025-06-27 10:35:07,4.2618911,"B50"
2025-06-27 10:35:08,4.2754546,"B50"
2025-06-27 10:35:09,4.2870327,"B50"
2025-06-27 10:35:10,4.2981724,"B50"
2025-06-27 10:35:11,4.3102275,"B50"
2025-06-27 10:35:12,4.3227764,"B50"
2025-06-27 10:35:13,4.335856,"B50"
2025-06-27 10:35:14,4.3487871,"B50"
2025-06-27 10:35:15,4.3606929,"B50"
2025-06-27 10:35:16,4.3728022,"B50"
2025-06-27 10:35:17,4.3834541,"B50"
2025-06-27 10:35:18,4.3951362,"B50"
2025-06-27 10:35:19,4.4081104,"B50"
2025-06-27 10:35:20,4.4195415,"B50"
2025-06-27 10:35:21,4.4324194,"B50"
2025-06-27 10:35:22,4.4443979,"B50"
2025-06-27 10:35:23,4.4549888,"B50"
2025-06-27 10:35:24,4.4667026,"B50"
2025-06-27 10:35:25,4.4789536,"B50"
2025-06-27 10:35:26,4.4913501,"B50"
2025-06-27 10:35:27,4.5052554,"B50"
2025-06-27 10:35:28,4.5166357,"B50"
2025-06-27 10:35:29,4.5286704,"B50"
2025-06-27 10:35:30,4.5405825,"B50"
2025-06-27 10:35:31,4.5531763,"B50"
2025-06-27 10:35:32,4.5651538,"B50"
2025-06-27 10:35:33,4.577418,"B50"
2025-06-27 10:35:34,4.5892485,"B50"
2025-06-27 10:35:35,4.6006167,"B50"
2025-06-27 10:35:36,4.6128496,"B50"
2025-06-27 10:35:37,4.6248389,"B50"
2025-06-27 10:35:38,4.6362217,"B50"
2025-06-27 10:35:39,4.6485601,"B50"
2025-06-27 10:35:40,4.6618584,"B50"
2025-06-27 10:35:41,4.6753325,"B50"
2025-06-27 10:35:42,4.6869102,"B50"
2025-06-27 10:35:43,4.6981255,"B50"
2025-06-27 10:35:44,4.7076211,"B50"
2025-06-27 10:35:45,4.7197163,"B50"
2025-06-27 10:35:46,4.7322593,"B50"
2025-06-27 10:35:47,4.7453765,"B50"
2025-06-27 10:35:48,4.7566304,"B50"
2025-06-27 10:35:49,4.7685957,"B50"
2025-06-27 10:35:50,4.7798086,"B50"
2025-06-27 10:35:51,4.7917466,"B50"
2025-06-27 10:35:52,4.8033159,"B50"
2025-06-27 10:35:53,4.8153838,"B50"
2025-06-27 10:35:54,4.8276284,"B50"
2025-06-27 10:35:55,4.8394727,"B50"
2025-06-27 10:35:56,4.8520605,"B50"
2025-06-27 10:35:57,4.8637046,"B50"
2025-06-27 10:35:58,4.8753081,"B50"
2025-06-27 10:35:59,4.8883936,"B50"
2025-06-27 10:36:00,4.8995508,"B50"
2025-06-27 10:39:00,2.8414976,"C0"
2025-06-27 10:39:01,2.842644,"C0"
2025-06-27 10:39:02,2.843144,"C0"
2025-06-27 10:39:03,2.8452476,"C0"
2025-06-27 10:39:04,2.8462444,"C0"
2025-06-27 10:39:05,2.8476274,"C0"
2025-06-27 10:39:06,2.8489104,"C0"
2025-06-27 10:39:07,2.8502949,"C0"
2025-06-27 10:39:08,2.8513496,"C0"
2025-06-27 10:39:09,2.8527322,"C0"
2025-06-27 10:39:10,2.8537505,"C0"
2025-06-27 10:39:11,2.8548687,"C0"
2025-06-27 10:39:12,2.8565178,"C0"
2025-06-27 10:39:13,2.857666,"C0"
2025-06-27 10:39:14,2.8591804,"C0"
2025-06-27 10:39:15,2.860354,"C0"
2025-06-27 10:39:16,2.861356,"C0"
2025-06-27 10:39:17,2.8628347,"C0"
2025-06-27 10:39:18,2.8639917,"C0"
2025-06-27 10:39:19,2.8649927,"C0"
2025-06-27 10:39:20,2.8663489,"C0"
2025-06-27 10:39:21,2.8679595,"C0"
2025-06-27 10:39:22,2.8693257,"C0"
2025-06-27 10:39:23,2.8704312,"C0"
2025-06-27 10:39:24,2.8716221,"C0"
2025-06-27 10:39:25,2.8729414,"C0"
2025-06-27 10:39:26,2.8742952,"C0"
2025-06-27 10:39:27,2.8754529,"C0"
2025-06-27 10:39:28,2.8764858,"C0"
2025-06-27 10:39:29,2.8776292,"C0"
2025-06-27 10:39:30,2.879041,"C0"
2025-06-27 10:39:31,2.8801177,"C0"
2025-06-27 10:39:32,2.8813738,"C0"
2025-06-27 10:39:33,2.8825491,"C0"
2025-06-27 10:39:34,2.8842834,"C0"
2025-06-27 10:39:35,2.8846531,"C0"
2025-06-27 10:39:36,2.8864277,"C0"
2025-06-27 10:39:37,2.8879976,"C0"
2025-06-27 10:39:38,2.8893811,"C0"
2025-06-27 10:39:39,2.8904927,"C0"
2025-06-27 10:39:40,2.8916077,"C0"
2025-06-27 10:39:41,2.8930903,"C0"
2025-06-27 10:39:42,2.8940078,"C0"
2025-06-27 10:39:43,2.8946326,"C0"
2025-06-27 10:39:44,2.8964365,"C0"
2025-06-27 10:39:45,2.8973696,"C0"
2025-06-27 10:39:46,2.8985322,"C0"
2025-06-27 10:39:47,2.9000723,"C0"
2025-06-27 10:39:48,2.9008274,"C0"
2025-06-27 10:39:49,2.9023594,"C0"
2025-06-27 10:39:50,2.9036956,"C0"
2025-06-27 10:39:51,2.9048755,"C0"
2025-06-27 10:39:52,2.9063872,"C0"
2025-06-27 10:39:53,2.9076653,"C0"
2025-06-27 10:39:54,2.9091653,"C0"
2025-06-27 10:39:55,2.9098193,"C0"
2025-06-27 10:39:56,2.9120261,"C0"
2025-06-27 10:39:57,2.9123257,"C0"
2025-06-27 10:39:58,2.9130422,"C0"
2025-06-27 10:39:59,2.9146416,"C0"
2025-06-27 10:40:00,2.9164275,"C0"
2025-06-27 10:40:01,2.9171433,"C0"
2025-06-27 10:40:02,2.9186426,"C0"
2025-06-27 10:40:03,2.9195374,"C0"
2025-06-27 10:40:04,2.9205691,"C0"
2025-06-27 10:40:05,2.9217207,"C0"
2025-06-27 10:40:06,2.9228777,"C0"
2025-06-27 10:40:07,2.9243552,"C0"
2025-06-27 10:40:08,2.925877,"C0"
2025-06-27 10:40:09,2.9266013,"C0"
2025-06-27 10:40:10,2.9277119,"C0"
2025-06-27 10:40:11,2.9294504,"C0"
2025-06-27 10:40:12,2.9306887,"C0"
2025-06-27 10:40:13,2.9314497,"C0"
2025-06-27 10:40:14,2.9326992,"C0"
2025-06-27 10:40:15,2.9339177,"C0"
2025-06-27 10:40:16,2.9354597,"C0"
2025-06-27 10:40:17,2.9369187,"C0"
2025-06-27 10:40:18,2.937792,"C0"
2025-06-27 10:40:19,2.9394387,"C0"
2025-06-27 10:40:20,2.9406731,"C0"
2025-06-27 10:40:21,2.9414326,"C0"
2025-06-27 10:40:22,2.9428059,"C0"
2025-06-27 10:40:23,2.9439419,"C0"
2025-06-27 10:40:24,2.9455432,"C0"
2025-06-27 10:40:25,2.9467981,"C0"
2025-06-27 10:40:26,2.9474875,"C0"
2025-06-27 10:40:27,2.9482627,"C0"
2025-06-27 10:40:28,2.9503787,"C0"
2025-06-27 10:40:29,2.9509614,"C0"
2025-06-27 10:40:30,2.9523911,"C0"
2025-06-27 10:40:31,2.9537065,"C0"
2025-06-27 10:40:32,2.9545859,"C0"
2025-06-27 10:40:33,2.9561289,"C0"
2025-06-27 10:40:34,2.9574075,"C0"
2025-06-27 10:40:35,2.9580596,"C0"
2025-06-27 10:40:36,2.9595312,"C0"
2025-06-27 10:40:37,2.961718,"C0"
2025-06-27 10:40:38,2.9624277,"C0"
2025-06-27 10:40:39,2.9636848,"C0"
2025-06-27 10:40:40,2.9649468,"C0"
2025-06-27 10:40:41,2.9657998,"C0"
2025-06-27 10:40:42,2.9669102,"C0"
2025-06-27 10:40:43,2.9683088,"C0"
2025-06-27 10:40:44,2.9694387,"C0"
2025-06-27 10:40:45,2.9704075,"C0"
2025-06-27 10:40:46,2.9719819,"C0"
2025-06-27 10:40:47,2.9733506,"C0"
2025-06-27 10:40:48,2.9737256,"C0"
2025-06-27 10:40:49,2.9751855,"C0"
2025-06-27 10:40:50,2.9766055,"C0"
2025-06-27 10:40:51,2.9775913,"C0"
2025-06-27 10:40:52,2.9791694,"C0"
2025-06-27 10:40:53,2.9805083,"C0"
2025-06-27 10:40:54,2.9815981,"C0"
2025-06-27 10:40:55,2.9823621,"C0"
2025-06-27 10:40:56,2.9835525,"C0"
2025-06-27 10:40:57,2.9851045,"C0"
2025-06-27 10:40:58,2.9857661,"C0"
2025-06-27 10:40:59,2.9873799,"C0"
2025-06-27 10:41:00,2.9887607,"C0"
2025-06-27 10:44:00,2.9083508,"D10"
2025-06-27 10:44:01,2.9108064,"D10"
2025-06-27 10:44:02,2.9137512,"D10"
2025-06-27 10:44:03,2.9161987,"D10"
2025-06-27 10:44:04,2.9188247,"D10"
2025-06-27 10:44:05,2.921375,"D10"
2025-06-27 10:44:06,2.9244297,"D10"
2025-06-27 10:44:07,2.9268635,"D10"
2025-06-27 10:44:08,2.9303401,"D10"
2025-06-27 10:44:09,2.9330071,"D10"
2025-06-27 10:44:10,2.9346179,"D10"
2025-06-27 10:44:11,2.936885,"D10"
2025-06-27 10:44:12,2.939563,"D10"
2025-06-27 10:44:13,2.9419507,"D10"
2025-06-27 10:44:14,2.9446636,"D10"
2025-06-27 10:44:15,2.9472319,"D10"
2025-06-27 10:44:16,2.9500461,"D10"
2025-06-27 10:44:17,2.9525417,"D10"
2025-06-27 10:44:18,2.954896,"D10"
2025-06-27 10:44:19,2.9576494,"D10"
2025-06-27 10:44:20,2.9604934,"D10"
2025-06-27 10:44:21,2.9630532,"D10"
2025-06-27 10:44:22,2.9657502,"D10"
2025-06-27 10:44:23,2.9683574,"D10"
2025-06-27 10:44:24,2.9708503,"D10"
2025-06-27 10:44:25,2.9732893,"D10"
2025-06-27 10:44:26,2.9758201,"D10"
2025-06-27 10:44:27,2.9783069,"D10"
2025-06-27 10:44:28,2.9808308,"D10"
2025-06-27 10:44:29,2.9836333,"D10"
2025-06-27 10:44:30,2.9863345,"D10"
2025-06-27 10:44:31,2.98872,"D10"
2025-06-27 10:44:32,2.9914893,"D10"
2025-06-27 10:44:33,2.9939446,"D10"
2025-06-27 10:44:34,2.9961013,"D10"
2025-06-27 10:44:35,2.9990413,"D10"
2025-06-27 10:44:36,3.0015793,"D10"
2025-06-27 10:44:37,3.0040076,"D10"
2025-06-27 10:44:38,3.0066509,"D10"
2025-06-27 10:44:39,3.0096582,"D10"
2025-06-27 10:44:40,3.0121936,"D10"
2025-06-27 10:44:41,3.0140618,"D10"
2025-06-27 10:44:42,3.0170596,"D10"
2025-06-27 10:44:43,3.019512,"D10"
2025-06-27 10:44:44,3.0226943,"D10"
2025-06-27 10:44:45,3.0245327,"D10"
2025-06-27 10:44:46,3.0269329,"D10"
2025-06-27 10:44:47,3.0298931,"D10"
2025-06-27 10:44:48,3.0324304,"D10"
2025-06-27 10:44:49,3.0355378,"D10"
2025-06-27 10:44:50,3.0377205,"D10"
2025-06-27 10:44:51,3.039354,"D10"
2025-06-27 10:44:52,3.042709,"D10"
2025-06-27 10:44:53,3.0458984,"D10"
2025-06-27 10:44:54,3.0482502,"D10"
2025-06-27 10:44:55,3.0508809,"D10"
2025-06-27 10:44:56,3.053158,"D10"
2025-06-27 10:44:57,3.05595,"D10"
2025-06-27 10:44:58,3.0583674,"D10"
2025-06-27 10:44:59,3.0607324,"D10"
2025-06-27 10:45:00,3.0639341,"D10"
2025-06-27 10:45:01,3.0653645,"D10"
2025-06-27 10:45:02,3.0691316,"D10"
2025-06-27 10:45:03,3.0712646,"D10"
2025-06-27 10:45:04,3.073668,"D10"
2025-06-27 10:45:05,3.0761155,"D10"
2025-06-27 10:45:06,3.079343,"D10"
2025-06-27 10:45:07,3.0817583,"D10"
2025-06-27 10:45:08,3.0842769,"D10"
2025-06-27 10:45:09,3.0869788,"D10"
2025-06-27 10:45:10,3.0891531,"D10"
2025-06-27 10:45:11,3.0918579,"D10"
2025-06-27 10:45:12,3.0943494,"D10"
2025-06-27 10:45:13,3.0964312,"D10"
2025-06-27 10:45:14,3.0990266,"D10"
2025-06-27 10:45:15,3.1017944,"D10"
2025-06-27 10:45:16,3.1046228,"D10"
2025-06-27 10:45:17,3.1068962,"D10"
2025-06-27 10:45:18,3.1087456,"D10"
2025-06-27 10:45:19,3.1118813,"D10"
2025-06-27 10:45:20,3.1135962,"D10"
2025-06-27 10:45:21,3.1163311,"D10"
2025-06-27 10:45:22,3.1191909,"D10"
2025-06-27 10:45:23,3.1219397,"D10"
2025-06-27 10:45:24,3.1243982,"D10"
2025-06-27 10:45:25,3.1266323,"D10"
2025-06-27 10:45:26,3.1292808,"D10"
2025-06-27 10:45:27,3.1320112,"D10"
2025-06-27 10:45:28,3.1351975,"D10"
2025-06-27 10:45:29,3.1373352,"D10"
2025-06-27 10:45:30,3.139968,"D10"
2025-06-27 10:45:31,3.1428401,"D10"
2025-06-27 10:45:32,3.145272,"D10"
2025-06-27 10:45:33,3.1473196,"D10"
2025-06-27 10:45:34,3.1498076,"D10"
2025-06-27 10:45:35,3.152447,"D10"
2025-06-27 10:45:36,3.1550242,"D10"
2025-06-27 10:45:37,3.1581223,"D10"
2025-06-27 10:45:38,3.1603469,"D10"
2025-06-27 10:45:39,3.1628643,"D10"
2025-06-27 10:45:40,3.1652375,"D10"
2025-06-27 10:45:41,3.1678821,"D10"
2025-06-27 10:45:42,3.1701296,"D10"
2025-06-27 10:45:43,3.1730847,"D10"
2025-06-27 10:45:44,3.1756948,"D10"
2025-06-27 10:45:45,3.1780232,"D10"
2025-06-27 10:45:46,3.1802644,"D10"
2025-06-27 10:45:47,3.1830049,"D10"
2025-06-27 10:45:48,3.1853557,"D10"
2025-06-27 10:45:49,3.1880112,"D10"
2025-06-27 10:45:50,3.1903069,"D10"
2025-06-27 10:45:51,3.1936577,"D10"
2025-06-27 10:45:52,3.1959497,"D10"
2025-06-27 10:45:53,3.1983608,"D10"
2025-06-27 10:45:54,3.2008208,"D10"
2025-06-27 10:45:55,3.2031316,"D10"
2025-06-27 10:45:56,3.205418,"D10"
2025-06-27 10:45:57,3.2083252,"D10"
2025-06-27 10:45:58,3.2108308,"D10"
2025-06-27 10:45:59,3.2136101,"D10"
2025-06-27 10:46:00,3.2152366,"D10"
2025-06-27 10:49:00,2.8354534,"E50"
2025-06-27 10:49:01,2.8375557,"E50"
2025-06-27 10:49:02,2.840135,"E50"
2025-06-27 10:49:03,2.8422314,"E50"
2025-06-27 10:49:04,2.8445183,"E50"
2025-06-27 10:49:05,2.8471392,"E50"
2025-06-27 10:49:06,2.8490112,"E50"
2025-06-27 10:49:07,2.8515603,"E50"
2025-06-27 10:49:08,2.8540911,"E50"
2025-06-27 10:49:09,2.8563499,"E50"
2025-06-27 10:49:10,2.8589072,"E50"
2025-06-27 10:49:11,2.8607385,"E50"
2025-06-27 10:49:12,2.8633369,"E50"
2025-06-27 10:49:13,2.8655498,"E50"
2025-06-27 10:49:14,2.8679021,"E50"
2025-06-27 10:49:15,2.8699883,"E50"
2025-06-27 10:49:16,2.8721223,"E50"
2025-06-27 10:49:17,2.8743508,"E50"
2025-06-27 10:49:18,2.876718,"E50"
2025-06-27 10:49:19,2.8791367,"E50"
2025-06-27 10:49:20,2.8815959,"E50"
2025-06-27 10:49:21,2.8837756,"E50"
2025-06-27 10:49:22,2.886136,"E50"
2025-06-27 10:49:23,2.8885935,"E50"
2025-06-27 10:49:24,2.8905806,"E50"
2025-06-27 10:49:25,2.8930269,"E50"
2025-06-27 10:49:26,2.8956948,"E50"
2025-06-27 10:49:27,2.8975344,"E50"
2025-06-27 10:49:28,2.9004907,"E50"
2025-06-27 10:49:29,2.9027444,"E50"
2025-06-27 10:49:30,2.9043779,"E50"
2025-06-27 10:49:31,2.9062832,"E50"
2025-06-27 10:49:32,2.9091301,"E50"
2025-06-27 10:49:33,2.9111042,"E50"
2025-06-27 10:49:34,2.9135703,"E50"
2025-06-27 10:49:35,2.915925,"E50"
2025-06-27 10:49:36,2.9181787,"E50"
2025-06-27 10:49:37,2.9202224,"E50"
2025-06-27 10:49:38,2.9227771,"E50"
2025-06-27 10:49:39,2.9250945,"E50"
2025-06-27 10:49:40,2.9276182,"E50"
2025-06-27 10:49:41,2.929522,"E50"
2025-06-27 10:49:42,2.9318552,"E50"
2025-06-27 10:49:43,2.9338706,"E50"
2025-06-27 10:49:44,2.9360632,"E50"
2025-06-27 10:49:45,2.9387734,"E50"
2025-06-27 10:49:46,2.9407727,"E50"
2025-06-27 10:49:47,2.9432012,"E50"
2025-06-27 10:49:48,2.9452629,"E50"
2025-06-27 10:49:49,2.9470886,"E50"
2025-06-27 10:49:50,2.9498171,"E50"
2025-06-27 10:49:51,2.9519207,"E50"
2025-06-27 10:49:52,2.9543137,"E50"
2025-06-27 10:49:53,2.9566067,"E50"
2025-06-27 10:49:54,2.9590161,"E50"
2025-06-27 10:49:55,2.9610603,"E50"
2025-06-27 10:49:56,2.9635105,"E50"
2025-06-27 10:49:57,2.9653203,"E50"
2025-06-27 10:49:58,2.9669531,"E50"
2025-06-27 10:49:59,2.969835,"E50"
2025-06-27 10:50:00,2.9726006,"E50"
2025-06-27 10:50:01,2.975428,"E50"
2025-06-27 10:50:02,2.9770488,"E50"
2025-06-27 10:50:03,2.9791094,"E50"
2025-06-27 10:50:04,2.9815444,"E50"
2025-06-27 10:50:05,2.9834873,"E50"
2025-06-27 10:50:06,2.9858186,"E50"
2025-06-27 10:50:07,2.9880105,"E50"
2025-06-27 10:50:08,2.9903831,"E50"
2025-06-27 10:50:09,2.9921343,"E50"
2025-06-27 10:50:10,2.994886,"E50"
2025-06-27 10:50:11,2.9969102,"E50"
2025-06-27 10:50:12,2.9985371,"E50"
2025-06-27 10:50:13,3.0012988,"E50"
2025-06-27 10:50:14,3.0034849,"E50"
2025-06-27 10:50:15,3.0058975,"E50"
2025-06-27 10:50:16,3.0073396,"E50"
2025-06-27 10:50:17,3.0097966,"E50"
2025-06-27 10:50:18,3.0120496,"E50"
2025-06-27 10:50:19,3.0144519,"E50"
2025-06-27 10:50:20,3.016344,"E50"
2025-06-27 10:50:21,3.0186047,"E50"
2025-06-27 10:50:22,3.0208354,"E50"
2025-06-27 10:50:23,3.0232021,"E50"
2025-06-27 10:50:24,3.0250269,"E50"
2025-06-27 10:50:25,3.0272783,"E50"
2025-06-27 10:50:26,3.0297202,"E50"
2025-06-27 10:50:27,3.0321743,"E50"
2025-06-27 10:50:28,3.0344331,"E50"
2025-06-27 10:50:29,3.0364175,"E50"
2025-06-27 10:50:30,3.0384763,"E50"
2025-06-27 10:50:31,3.0406787,"E50"
2025-06-27 10:50:32,3.0431609,"E50"
2025-06-27 10:50:33,3.0452258,"E50"
2025-06-27 10:50:34,3.0473496,"E50"
2025-06-27 10:50:35,3.049762,"E50"
2025-06-27 10:50:36,3.0518345,"E50"
2025-06-27 10:50:37,3.0541499,"E50"
2025-06-27 10:50:38,3.0565935,"E50"
2025-06-27 10:50:39,3.0587368,"E50"
2025-06-27 10:50:40,3.0601316,"E50"
2025-06-27 10:50:41,3.0625776,"E50"
2025-06-27 10:50:42,3.0652944,"E50"
2025-06-27 10:50:43,3.0671809,"E50"
2025-06-27 10:50:44,3.0694583,"E50"
2025-06-27 10:50:45,3.0715229,"E50"
2025-06-27 10:50:46,3.0740496,"E50"
2025-06-27 10:50:47,3.0764355,"E50"
2025-06-27 10:50:48,3.0787617,"E50"
2025-06-27 10:50:49,3.0802908,"E50"
2025-06-27 10:50:50,3.0825718,"E50"
2025-06-27 10:50:51,3.0846238,"E50"
2025-06-27 10:50:52,3.0868916,"E50"
2025-06-27 10:50:53,3.0892732,"E50"
2025-06-27 10:50:54,3.0913306,"E50"
2025-06-27 10:50:55,3.093531,"E50"
2025-06-27 10:50:56,3.0954375,"E50"
2025-06-27 10:50:57,3.0981201,"E50"
2025-06-27 10:50:58,3.0993979,"E50"
2025-06-27 10:50:59,3.102365,"E50"
2025-06-27 10:51:00,3.1042168,"E50"
