,CH4,CO2,N2O,Time,Date
1,2646530   ,0         ,142068    ,4:18:05PM      ,9/12/2025      
2,53744     ,0         ,0         ,4:31:25PM      ,9/12/2025      
3,0         ,0         ,956337    ,4:44:47PM      ,9/12/2025      
4,10142     ,2799      ,57283     ,4:58:08PM      ,9/12/2025      
5,2737505   ,0         ,146247    ,5:11:28PM      ,9/12/2025      
6,52010     ,0         ,5677      ,5:24:49PM      ,9/12/2025      
7,0         ,0         ,959339    ,5:38:09PM      ,9/12/2025      
8,11107     ,3173      ,68637     ,5:51:29PM      ,9/12/2025      
9,11240     ,3460      ,58771     ,6:04:49PM      ,9/12/2025      
10,11601     ,4178      ,62744     ,6:18:09PM      ,9/12/2025      
11,13335     ,4959      ,63037     ,6:31:30PM      ,9/12/2025      
12,12536     ,5489      ,67017     ,6:44:51PM      ,9/12/2025      
13,12134     ,3240      ,62037     ,6:58:12PM      ,9/12/2025      
14,11884     ,2773      ,63287     ,7:11:31PM      ,9/12/2025      
15,11966     ,4620      ,65770     ,7:24:53PM      ,9/12/2025      
16,17974     ,5008      ,68262     ,7:38:12PM      ,9/12/2025      
17,11504     ,3122      ,58380     ,7:51:33PM      ,9/12/2025      
18,12162     ,2810      ,62989     ,8:04:52PM      ,9/12/2025      
19,12477     ,3507      ,64892     ,8:18:14PM      ,9/12/2025      
20,13682     ,5612      ,68531     ,8:31:33PM      ,9/12/2025      
21,2658834   ,0         ,154733    ,8:44:55PM      ,9/12/2025      
22,12116     ,3043      ,61768     ,8:58:15PM      ,9/12/2025      
23,13669     ,3066      ,65892     ,9:11:37PM      ,9/12/2025      
24,12728     ,5003      ,69382     ,9:24:56PM      ,9/12/2025      
25,12748     ,5591      ,71680     ,9:38:18PM      ,9/12/2025      
26,11396     ,1902      ,61123     ,9:51:37PM      ,9/12/2025      
27,11725     ,3783      ,65381     ,10:04:57PM     ,9/12/2025      
28,11822     ,3362      ,68126     ,10:18:19PM     ,9/12/2025      
29,12285     ,5694      ,70780     ,10:31:39PM     ,9/12/2025      
30,11504     ,3437      ,61767     ,10:44:59PM     ,9/12/2025      
31,12255     ,4342      ,66365     ,10:58:20PM     ,9/12/2025      
32,12212     ,4584      ,67992     ,11:11:40PM     ,9/12/2025      
33,12515     ,5323      ,71451     ,11:25:02PM     ,9/12/2025      
34,53609     ,768       ,5078      ,11:38:21PM     ,9/12/2025      
35,12591     ,3497      ,61918     ,11:51:41PM     ,9/12/2025      
36,11435     ,2710      ,66527     ,12:05:03AM     ,9/13/2025      
37,12068     ,4715      ,70911     ,12:18:22AM     ,9/13/2025      
38,12286     ,5139      ,73886     ,12:31:44AM     ,9/13/2025      
39,11461     ,3400      ,61572     ,12:45:03AM     ,9/13/2025      
40,11958     ,4259      ,66307     ,12:58:24AM     ,9/13/2025      
41,12557     ,4591      ,69126     ,1:11:46AM      ,9/13/2025      
42,12840     ,3705      ,69839     ,1:25:05AM      ,9/13/2025      
43,11294     ,3312      ,62530     ,1:38:24AM      ,9/13/2025      
44,11780     ,3902      ,65108     ,1:51:46AM      ,9/13/2025      
45,12082     ,4450      ,69414     ,2:05:06AM      ,9/13/2025      
46,14174     ,5280      ,71069     ,2:18:26AM      ,9/13/2025      
47,0         ,0         ,1024510   ,2:31:48AM      ,9/13/2025      
48,11862     ,3474      ,63767     ,2:45:08AM      ,9/13/2025      
49,11990     ,4041      ,65820     ,2:58:27AM      ,9/13/2025      
50,11415     ,3258      ,66456     ,3:11:47AM      ,9/13/2025      
51,11875     ,4564      ,65465     ,3:25:09AM      ,9/13/2025      
52,11681     ,1989      ,60841     ,3:38:28AM      ,9/13/2025      
53,11982     ,2728      ,67123     ,3:51:47AM      ,9/13/2025      
54,12483     ,4782      ,69866     ,4:05:09AM      ,9/13/2025      
55,12390     ,3868      ,74764     ,4:18:29AM      ,9/13/2025      
56,11135     ,2007      ,62781     ,4:31:48AM      ,9/13/2025      
57,11886     ,4000      ,66521     ,4:45:10AM      ,9/13/2025      
58,11954     ,3074      ,69177     ,4:58:32AM      ,9/13/2025      
59,12263     ,4943      ,70298     ,5:11:51AM      ,9/13/2025      
60,9988      ,3118      ,63864     ,5:25:12AM      ,9/13/2025      
61,11910     ,3510      ,61193     ,5:38:34AM      ,9/13/2025      
62,11672     ,2777      ,66458     ,5:51:53AM      ,9/13/2025      
63,13648     ,2375      ,69421     ,6:05:12AM      ,9/13/2025      
64,12396     ,4728      ,70418     ,6:18:33AM      ,9/13/2025      
65,13099     ,3277      ,62221     ,6:31:55AM      ,9/13/2025      
66,11357     ,3932      ,65059     ,6:45:16AM      ,9/13/2025      
67,11895     ,4284      ,68118     ,6:58:35AM      ,9/13/2025      
68,11992     ,4666      ,65783     ,7:11:57AM      ,9/13/2025      
69,11314     ,3262      ,60562     ,7:25:17AM      ,9/13/2025      
70,11521     ,4052      ,66159     ,7:38:38AM      ,9/13/2025      
71,12085     ,5048      ,70995     ,7:52:00AM      ,9/13/2025      
72,12388     ,5494      ,75455     ,8:05:19AM      ,9/13/2025      
73,2724640   ,0         ,160890    ,8:18:41AM      ,9/13/2025      
74,14274     ,3145      ,62440     ,8:32:00AM      ,9/13/2025      
75,40664     ,3504      ,62606     ,8:45:23AM      ,9/13/2025      
76,46398     ,4085      ,62347     ,8:58:43AM      ,9/13/2025      
77,53345     ,4527      ,62538     ,9:12:04AM      ,9/13/2025      
78,28007     ,3125      ,62349     ,9:25:24AM      ,9/13/2025      
79,14418     ,3172      ,65342     ,9:38:46AM      ,9/13/2025      
80,76378     ,2804      ,63433     ,9:52:05AM      ,9/13/2025      
81,78892     ,4774      ,62981     ,10:05:27AM     ,9/13/2025      
82,11065     ,3119      ,67271     ,10:18:48AM     ,9/13/2025      
83,11282     ,3115      ,67444     ,10:32:09AM     ,9/13/2025      
84,43024     ,4040      ,62399     ,10:45:29AM     ,9/13/2025      
85,120272    ,5009      ,62351     ,10:58:49AM     ,9/13/2025      
86,55048     ,0         ,0         ,11:12:11AM     ,9/13/2025      
